date,value
9/9/2008,6.04250365
9/10/2008,6.027953823
9/11/2008,6.020410389
9/12/2008,6.027489562
9/13/2008,6.035039751
9/14/2008,6.039046091
9/15/2008,6.0024444
9/16/2008,6.010383827
9/17/2008,6.019831395
9/18/2008,6.033862463
9/19/2008,6.062830091
9/20/2008,6.080075697
9/21/2008,6.066002761
9/22/2008,6.031036381
9/23/2008,6.009551632
9/24/2008,6.006578502
9/25/2008,6.010460439
9/26/2008,5.990517575
9/27/2008,6.040534123
9/28/2008,6.041464767
9/29/2008,5.964361044
9/30/2008,5.997599298
10/1/2008,6.009772101
10/2/2008,5.992307989
10/3/2008,6.017193151
10/4/2008,6.067718886
10/5/2008,6.059710294
10/6/2008,6.003949261
10/7/2008,5.973377952
10/8/2008,6.004500708
10/9/2008,6.023260096
10/10/2008,6.033179083
10/11/2008,6.064614516
10/12/2008,6.058558226
10/13/2008,6.030544441
10/14/2008,6.015727953
10/15/2008,6.005062971
10/16/2008,6.011817201
10/17/2008,6.057145998
10/18/2008,6.072816238
10/19/2008,6.068869953
10/20/2008,6.027659025
10/21/2008,6.025816912
10/22/2008,6.029904009
10/23/2008,6.031668196
10/24/2008,6.044106161
10/25/2008,6.070155353
10/26/2008,6.064097712
10/27/2008,6.018543531
10/28/2008,6.027062942
10/29/2008,6.031127496
10/30/2008,6.034157038
10/31/2008,6.065205166
11/1/2008,6.073698771
11/2/2008,6.067202713
11/3/2008,6.023256945
11/4/2008,6.030238246
11/5/2008,6.054977489
11/6/2008,6.052078089
11/7/2008,6.073906724
11/8/2008,6.09689344
11/9/2008,6.098573037
11/10/2008,6.058856924
11/11/2008,6.0648304
11/12/2008,6.061447426
11/13/2008,6.042100703
11/14/2008,6.074259443
11/15/2008,6.088250765
11/16/2008,6.085905468
11/17/2008,6.048550841
11/18/2008,6.051694024
11/19/2008,6.055542012
11/20/2008,6.06027713
11/21/2008,6.085072013
11/22/2008,6.108840756
11/23/2008,6.102364602
11/24/2008,6.06699181
11/25/2008,6.07600648
11/26/2008,6.084570185
11/27/2008,6.193093189
11/28/2008,6.078498943
11/29/2008,6.09293086
11/30/2008,6.085695514
12/1/2008,6.056875332
12/2/2008,6.053548724
12/3/2008,6.063112274
12/4/2008,6.064345215
12/5/2008,6.085589365
12/6/2008,6.117502133
12/7/2008,6.108409741
12/8/2008,6.059569493
12/9/2008,6.051364901
12/10/2008,6.063428042
12/11/2008,6.065050516
12/12/2008,6.085775857
12/13/2008,6.120088602
12/14/2008,6.103342237
12/15/2008,6.064103663
12/16/2008,6.063687777
12/17/2008,6.063428163
12/18/2008,6.047051021
12/19/2008,6.087823952
12/20/2008,6.128667417
12/21/2008,6.118638603
12/22/2008,6.092016281
12/23/2008,6.115018209
12/24/2008,6.254525251
12/25/2008,6.37572912
12/26/2008,6.145916755
12/27/2008,6.093036929
12/28/2008,6.080265896
12/29/2008,6.072850856
12/30/2008,6.077677166
12/31/2008,6.149700835
1/1/2009,6.192566653
1/2/2009,6.085172086
1/3/2009,6.072152774
1/4/2009,6.066279979
1/5/2009,6.050939402
1/6/2009,6.043640589
1/7/2009,6.040731182
1/8/2009,6.036870336
1/9/2009,6.062014734
1/10/2009,6.083658377
1/11/2009,6.081237219
1/12/2009,6.047317226
1/13/2009,6.051605318
1/14/2009,6.038128139
1/15/2009,6.033732817
1/16/2009,6.062707384
1/17/2009,6.091577074
1/18/2009,6.085113187
1/19/2009,6.069739839
1/20/2009,6.064332627
1/21/2009,6.036604023
1/22/2009,6.042124317
1/23/2009,6.068427095
1/24/2009,6.084992934
1/25/2009,6.09190104
1/26/2009,6.055463298
1/27/2009,6.039735274
1/28/2009,6.027404124
1/29/2009,6.040543081
1/30/2009,6.069527
1/31/2009,6.086528067
2/1/2009,6.084200801
2/2/2009,6.044334058
2/3/2009,6.039472696
2/4/2009,6.037774896
2/5/2009,6.036107518
2/6/2009,6.065422247
2/7/2009,6.086327867
2/8/2009,6.080951045
2/9/2009,6.036517305
2/10/2009,6.0327061
2/11/2009,6.040166324
2/12/2009,6.05186413
2/13/2009,6.077733898
2/14/2009,6.16672722
2/15/2009,6.097503283
2/16/2009,6.059895922
2/17/2009,6.040534864
2/18/2009,6.037143469
2/19/2009,6.044545768
2/20/2009,6.073549572
2/21/2009,6.089264818
2/22/2009,6.079644468
2/23/2009,6.050650858
2/24/2009,6.039406203
2/25/2009,6.036218507
2/26/2009,6.042228673
2/27/2009,6.072861313
2/28/2009,6.088167457
3/1/2009,6.079319779
3/2/2009,6.048136959
3/3/2009,6.038936299
3/4/2009,6.05199628
3/5/2009,6.054542128
3/6/2009,6.086715724
3/7/2009,6.098679662
3/8/2009,6.080115596
3/9/2009,6.059218501
3/10/2009,6.051687419
3/11/2009,6.052775151
3/12/2009,6.061261414
3/13/2009,6.089170652
3/14/2009,6.101130171
3/15/2009,6.094361991
3/16/2009,6.076757571
3/17/2009,6.106968727
3/18/2009,6.052655234
3/19/2009,6.047098871
3/20/2009,6.056648444
3/21/2009,6.104220293
3/22/2009,6.090152086
3/23/2009,6.058361263
3/24/2009,6.059046525
3/25/2009,6.062710169
3/26/2009,6.057780404
3/27/2009,6.085115201
3/28/2009,6.100787613
3/29/2009,6.094436041
3/30/2009,6.062701583
3/31/2009,6.028818124
4/1/2009,6.046388755
4/2/2009,6.071339866
4/3/2009,6.102310506
4/4/2009,6.107738168
4/5/2009,6.100120272
4/6/2009,6.06455539
4/7/2009,6.066903462
4/8/2009,6.07176639
4/9/2009,6.083140383
4/10/2009,6.117192516
4/11/2009,6.122096986
4/12/2009,6.187767371
4/13/2009,6.070875755
4/14/2009,6.074293944
4/15/2009,6.060865664
4/16/2009,6.080655141
4/17/2009,6.110790867
4/18/2009,6.121906498
4/19/2009,6.108171139
4/20/2009,6.083582299
4/21/2009,6.078256221
4/22/2009,6.087790636
4/23/2009,6.082993237
4/24/2009,6.112666473
4/25/2009,6.105147363
4/26/2009,6.082600624
4/27/2009,6.021720821
4/28/2009,6.018171841
4/29/2009,6.016352877
4/30/2009,6.014835936
5/1/2009,6.072147113
5/2/2009,6.088339924
5/3/2009,6.082686021
5/4/2009,6.055036476
5/5/2009,6.059559269
5/6/2009,6.072381791
5/7/2009,6.08646805
5/8/2009,6.107652152
5/9/2009,6.096689815
5/10/2009,6.096689815
5/11/2009,6.084086872
5/12/2009,6.067097159
5/13/2009,6.034866366
5/14/2009,6.007691746
5/15/2009,6.012675309
5/16/2009,6.012675309
5/17/2009,6.012675309
5/18/2009,6.012675309
5/19/2009,6.012675309
5/20/2009,6.013393586
5/21/2009,6.061386867
5/22/2009,6.094652335
5/23/2009,6.104009907
5/24/2009,6.106452848
5/25/2009,6.096902227
5/26/2009,6.055733433
5/27/2009,6.06441737
5/28/2009,6.079338443
5/29/2009,6.104464072
5/30/2009,6.112436284
5/31/2009,6.094359765
6/1/2009,6.069994566
6/2/2009,6.073901895
6/3/2009,6.077179688
6/4/2009,6.074920428
6/5/2009,6.10423659
6/6/2009,6.107722432
6/7/2009,6.096561991
6/8/2009,6.071946012
6/9/2009,6.058170971
6/10/2009,6.056306512
6/11/2009,6.05203167
6/12/2009,6.093193415
6/13/2009,6.091200233
6/14/2009,6.084791042
6/15/2009,6.065072489
6/16/2009,6.056720378
6/17/2009,6.064085443
6/18/2009,6.066255077
6/19/2009,6.091004503
6/20/2009,6.075749939
6/21/2009,6.14675205
6/22/2009,6.051820663
6/23/2009,6.051071197
6/24/2009,6.053386745
6/25/2009,5.934137957
6/26/2009,6.030850492
6/27/2009,6.084508642
6/28/2009,6.04054215
6/29/2009,6.053017601
6/30/2009,6.057848363
7/1/2009,6.075515092
7/2/2009,6.07725031
7/3/2009,6.103849891
7/4/2009,6.156270135
7/5/2009,6.09169159
7/6/2009,6.059011346
7/7/2009,6.03421855
7/8/2009,6.055907725
7/9/2009,6.07265932
7/10/2009,6.096069347
7/11/2009,6.087112581
7/12/2009,6.081712544
7/13/2009,6.072579378
7/14/2009,6.075614532
7/15/2009,6.0650047
7/16/2009,6.06866147
7/17/2009,6.077394891
7/18/2009,6.092502086
7/19/2009,6.098955113
7/20/2009,6.078124099
7/21/2009,6.069652798
7/22/2009,6.070426218
7/23/2009,6.057366526
7/24/2009,6.08000787
7/25/2009,6.093476963
7/26/2009,6.081478385
7/27/2009,6.067190851
7/28/2009,6.06291073
7/29/2009,6.059049236
7/30/2009,6.0838163
7/31/2009,6.084917302
8/1/2009,6.079974478
8/2/2009,6.087566531
8/6/2009,6.041031344
8/7/2009,6.077759747
8/8/2009,6.081833527
8/9/2009,6.060421282
8/10/2009,6.063715859
8/11/2009,6.065410266
8/12/2009,6.065429422
8/13/2009,6.066620159
8/14/2009,6.0923688
8/15/2009,6.10532356
8/16/2009,6.080808453
8/17/2009,6.068874959
8/18/2009,6.058985059
8/19/2009,6.06439236
8/20/2009,6.070945979
8/21/2009,6.082757471
8/22/2009,6.103487967
8/23/2009,6.093705667
8/24/2009,6.070191531
8/25/2009,6.070091825
8/26/2009,6.061102763
8/27/2009,6.07161029
8/28/2009,6.081235291
8/29/2009,6.08632163
8/30/2009,6.08435857
8/31/2009,6.072724917
9/1/2009,6.070681133
9/2/2009,6.066029219
9/3/2009,6.06357461
9/4/2009,6.1006711
9/5/2009,6.101590542
9/6/2009,6.093842552
9/7/2009,6.088656519
9/8/2009,6.070799372
9/9/2009,6.071184623
9/10/2009,6.067795025
9/11/2009,6.074166362
9/12/2009,6.080816677
9/13/2009,6.041395721
9/14/2009,6.016739865
9/15/2009,6.041939049
9/16/2009,6.073385891
9/17/2009,6.059447587
9/18/2009,6.098182855
9/19/2009,6.090488377
9/20/2009,6.073805576
9/21/2009,6.064209709
9/22/2009,6.058006846
9/23/2009,6.062555837
9/24/2009,6.063546197
9/25/2009,6.093588301
9/26/2009,6.080953557
9/27/2009,6.066887854
9/28/2009,6.054810676
9/29/2009,6.043571653
9/30/2009,6.050141034
10/1/2009,6.063681645
10/2/2009,6.092536421
10/3/2009,6.085270545
10/4/2009,6.070584427
10/5/2009,6.053070756
10/6/2009,6.056008759
10/7/2009,6.034701486
10/8/2009,6.05520234
10/9/2009,6.110350887
10/10/2009,6.087083941
10/11/2009,6.070419576
10/12/2009,6.060683707
10/13/2009,6.055227519
10/14/2009,6.052328886
10/15/2009,6.052903806
10/16/2009,6.077595523
10/17/2009,6.073429618
10/18/2009,6.050178569
10/19/2009,6.0514749
10/20/2009,6.04588345
10/21/2009,6.047779894
10/22/2009,6.043547298
10/23/2009,6.081379637
10/24/2009,6.068231459
10/25/2009,6.056646891
10/26/2009,6.055964425
10/27/2009,6.045948658
10/28/2009,6.046923167
10/29/2009,6.047167905
10/30/2009,6.082125497
10/31/2009,6.102824885
11/1/2009,6.062787034
11/2/2009,6.058199724
11/3/2009,6.044378524
11/4/2009,6.054784524
11/5/2009,6.051613017
11/6/2009,6.07195118
11/7/2009,6.068244064
11/8/2009,6.062608886
11/9/2009,6.057027127
11/10/2009,6.05620409
11/11/2009,6.076438673
11/12/2009,6.111500056
11/13/2009,6.096818056
11/14/2009,6.083841148
11/15/2009,6.064200877
11/16/2009,6.067697409
11/17/2009,6.066707636
11/18/2009,6.066978793
11/19/2009,6.054336056
11/20/2009,6.092865234
11/21/2009,6.085354861
11/22/2009,6.078563206
11/23/2009,6.074887315
11/24/2009,6.075986433
11/25/2009,6.123440746
11/26/2009,6.241892576
11/27/2009,6.119662596
11/28/2009,6.093955999
11/29/2009,6.084483126
11/30/2009,6.077998305
12/1/2009,6.073537355
12/2/2009,6.064507035
12/3/2009,6.082631689
12/4/2009,6.099644169
12/5/2009,6.096765525
12/6/2009,6.086977041
12/7/2009,6.078856991
12/8/2009,6.068725443
12/9/2009,6.070212816
12/10/2009,6.077593016
12/11/2009,6.110846565
12/12/2009,6.105372373
12/13/2009,6.09100193
12/14/2009,6.080313324
12/15/2009,6.074325506
12/16/2009,6.079198273
12/17/2009,6.07916474
12/18/2009,6.110611877
12/21/2009,6.089053223
12/22/2009,6.100051798
12/23/2009,6.120319526
12/24/2009,6.257589971
12/25/2009,6.342120929
12/26/2009,6.122145235
12/27/2009,6.070605186
12/28/2009,6.069576102
12/29/2009,6.058435104
12/30/2009,6.058351745
12/31/2009,6.173756153
1/1/2010,6.178530024
1/2/2010,6.077720377
1/3/2010,6.044085026
1/4/2010,6.052120014
1/5/2010,6.040137793
1/6/2010,6.048324778
1/7/2010,6.041727207
1/8/2010,6.065934294
1/9/2010,6.061797034
1/10/2010,6.05836464
1/11/2010,6.050774382
1/12/2010,6.042658406
1/13/2010,6.037685821
1/14/2010,6.045684758
1/15/2010,6.083789124
1/16/2010,6.07807679
1/17/2010,6.076149248
1/18/2010,6.068642191
1/19/2010,6.039537212
1/20/2010,6.051203252
1/21/2010,6.055881777
1/22/2010,6.083436406
1/23/2010,6.081585323
1/24/2010,6.056625363
1/25/2010,6.062012834
1/26/2010,6.054651037
1/27/2010,6.06121328
1/28/2010,6.052935588
1/29/2010,6.085016943
1/30/2010,6.071679677
1/31/2010,6.064441398
2/1/2010,6.06423921
2/2/2010,6.050444531
2/3/2010,6.062728377
2/4/2010,6.058408082
2/5/2010,6.080026471
2/6/2010,6.079446787
2/7/2010,6.09223015
2/8/2010,6.062580013
2/9/2010,6.045499758
2/10/2010,6.038750515
2/11/2010,6.054177248
2/12/2010,6.095864348
2/13/2010,6.104799253
2/14/2010,6.184986771
2/15/2010,6.075824227
2/16/2010,6.058496433
2/17/2010,6.048296227
2/18/2010,6.050751509
2/19/2010,6.084301571
2/20/2010,6.087174449
2/21/2010,6.077885001
2/22/2010,6.062486969
2/23/2010,6.052631963
2/24/2010,6.046674051
2/25/2010,6.051177993
2/26/2010,6.076693712
2/27/2010,6.038587477
2/28/2010,6.078792198
3/1/2010,6.068311906
3/2/2010,6.047925735
3/3/2010,6.052584301
3/4/2010,6.062517936
3/5/2010,6.094251209
3/6/2010,6.09308862
3/7/2010,6.08069239
3/8/2010,6.068987619
3/9/2010,6.057477381
3/10/2010,6.054983488
3/11/2010,6.058773278
3/12/2010,6.088799918
3/13/2010,6.082708926
3/14/2010,6.065369572
3/15/2010,6.061643158
3/16/2010,6.060452647
3/17/2010,6.075193824
3/18/2010,6.061402252
3/19/2010,6.093537956
3/20/2010,6.078321184
3/21/2010,6.057917234
3/22/2010,6.05554919
3/23/2010,6.054617471
3/24/2010,6.059028792
3/25/2010,6.063674019
3/26/2010,6.09317819
3/27/2010,6.051829006
3/28/2010,6.074800042
3/29/2010,6.05018986
3/30/2010,6.057358419
3/31/2010,6.059729807
4/1/2010,6.068546619
4/2/2010,6.103816731
4/3/2010,6.104972083
4/4/2010,6.125892383
4/5/2010,6.067607794
4/6/2010,6.058869407
4/7/2010,6.05944903
4/8/2010,6.06667263
4/9/2010,6.09840935
4/10/2010,6.081897212
4/11/2010,6.076758234
4/12/2010,6.066970196
4/13/2010,6.065073217
4/14/2010,6.063405006
4/15/2010,6.060648666
4/16/2010,6.088223431
4/17/2010,6.083813889
4/18/2010,6.064313132
4/19/2010,6.057395631
4/20/2010,6.062303347
4/21/2010,6.069449856
4/22/2010,6.071021916
4/23/2010,6.089008295
4/24/2010,6.084678761
4/25/2010,6.06967896
4/26/2010,6.055253051
4/27/2010,6.054323818
4/28/2010,6.056924673
4/29/2010,6.057321712
4/30/2010,6.092682481
5/1/2010,6.077303921
5/2/2010,6.059441969
5/3/2010,6.05171325
5/4/2010,6.044743041
5/5/2010,6.061571124
5/6/2010,6.050076481
5/7/2010,6.089509513
5/8/2010,6.103281073
5/9/2010,6.171345517
5/10/2010,6.045882741
5/11/2010,6.047966113
5/12/2010,6.059513157
5/13/2010,6.061415474
5/14/2010,6.0824077
5/15/2010,6.08379715
5/16/2010,6.072853034
5/17/2010,6.052416674
5/18/2010,6.053773922
5/19/2010,6.062750484
5/20/2010,6.069115794
5/21/2010,6.093844098
5/22/2010,6.08572477
5/23/2010,6.059931134
5/24/2010,6.035082351
5/25/2010,6.054412194
5/26/2010,6.062544013
5/27/2010,6.064130904
5/28/2010,6.082828752
5/29/2010,6.084014003
5/30/2010,6.081423979
5/31/2010,6.054619141
6/1/2010,6.060782231
6/2/2010,6.061932533
6/3/2010,6.060150844
6/4/2010,6.087744051
6/5/2010,6.083385016
6/6/2010,6.069064354
6/7/2010,6.065928348
6/8/2010,6.054306233
6/9/2010,6.06231434
6/10/2010,6.069561983
6/11/2010,6.094281573
6/12/2010,6.093454569
6/13/2010,6.067673207
6/14/2010,6.069293804
6/15/2010,6.048792841
6/16/2010,6.059615698
6/17/2010,6.071662283
6/18/2010,6.087732175
6/19/2010,6.098835346
6/20/2010,6.141704925
6/21/2010,6.076649057
6/22/2010,6.05371209
6/23/2010,6.052079792
6/24/2010,6.065698061
6/25/2010,6.080111426
6/26/2010,6.072041045
6/27/2010,6.034797793
6/28/2010,6.06263822
6/29/2010,6.061371239
6/30/2010,6.067597036
7/1/2010,6.075152563
7/2/2010,6.080874064
7/3/2010,6.089668214
7/4/2010,6.123395456
7/5/2010,6.074602318
7/6/2010,6.062491981
7/7/2010,6.062557222
7/8/2010,6.051387758
7/9/2010,6.08824921
7/10/2010,6.087019848
7/11/2010,6.087260459
7/12/2010,6.063591321
7/13/2010,6.063552825
7/14/2010,6.064704512
7/15/2010,6.072976243
7/16/2010,6.087377721
7/17/2010,6.082429579
7/18/2010,6.076091835
7/19/2010,6.065239881
7/20/2010,6.064067907
7/21/2010,6.066004507
7/22/2010,6.075944656
7/23/2010,6.08720949
7/24/2010,6.084829177
7/25/2010,6.076009027
7/26/2010,6.069730124
7/27/2010,6.072973432
7/28/2010,6.068208383
7/29/2010,6.07804915
7/30/2010,6.090554141
7/31/2010,6.101744389
8/1/2010,6.09315205
8/2/2010,6.069341194
8/3/2010,6.060272187
8/4/2010,6.074521726
8/5/2010,6.066265309
8/6/2010,6.087787525
8/7/2010,6.085357321
8/8/2010,6.079211904
8/9/2010,6.072841106
8/10/2010,6.06734919
8/11/2010,6.075970869
8/12/2010,6.070424609
8/13/2010,6.092732667
8/14/2010,6.091835026
8/15/2010,6.089343739
8/16/2010,6.072331738
8/17/2010,6.061770714
8/18/2010,6.062353879
8/19/2010,6.063877448
8/20/2010,6.089339713
8/21/2010,6.079576857
8/22/2010,6.075794903
8/23/2010,6.057318307
8/24/2010,6.064886084
8/25/2010,6.061936289
8/26/2010,6.06994688
8/27/2010,6.087086311
8/28/2010,6.072274735
8/29/2010,6.07825213
8/30/2010,6.051740639
8/31/2010,6.050580953
9/1/2010,6.063116345
9/2/2010,6.053300065
9/3/2010,6.07967089
9/4/2010,6.09331705
9/5/2010,6.079112699
9/6/2010,6.068072265
9/7/2010,6.048922845
9/8/2010,6.058392359
9/9/2010,6.052533059
9/10/2010,6.070468306
9/11/2010,6.058339995
9/12/2010,6.054592249
9/13/2010,6.060444147
9/14/2010,6.062928591
9/15/2010,6.063923457
9/16/2010,6.053884478
9/17/2010,6.079187923
9/18/2010,6.073823442
9/19/2010,6.056075715
9/20/2010,6.048832678
9/21/2010,6.040362138
9/22/2010,6.048652715
9/23/2010,6.040893545
9/24/2010,6.076043193
9/25/2010,6.071219022
9/26/2010,6.05758757
9/27/2010,6.052348343
9/28/2010,6.045005921
9/29/2010,6.052003185
9/30/2010,6.060106467
10/1/2010,6.08611249
10/2/2010,6.078701383
10/3/2010,6.055105389
10/4/2010,6.055322463
10/5/2010,6.052996138
10/6/2010,6.059652192
10/7/2010,6.063242652
10/8/2010,6.091120085
10/9/2010,6.080864196
10/10/2010,6.071654647
10/11/2010,6.06087538
10/12/2010,6.056874089
10/13/2010,6.061415797
10/14/2010,6.060407009
10/15/2010,6.080266583
10/16/2010,6.078012065
10/17/2010,6.058548975
10/18/2010,6.050731602
10/19/2010,6.043499679
10/20/2010,6.043205211
10/21/2010,6.056256447
10/22/2010,6.074713738
10/23/2010,6.067892016
10/24/2010,6.067640221
10/25/2010,6.055390841
10/26/2010,6.035042139
10/27/2010,6.04614547
10/28/2010,6.059046832
10/29/2010,6.077313649
10/30/2010,6.065007788
10/31/2010,6.070646618
11/1/2010,6.058196054
11/2/2010,6.037787215
11/3/2010,6.035040531
11/4/2010,6.052413244
11/5/2010,6.085403423
11/6/2010,6.077109662
11/7/2010,6.069868297
11/8/2010,6.056483719
11/9/2010,6.05276252
11/10/2010,6.059533995
11/11/2010,6.067985946
11/12/2010,6.079990764
11/13/2010,6.071946669
11/14/2010,6.061626609
11/15/2010,6.064568926
11/16/2010,6.066063313
11/17/2010,6.07025745
11/18/2010,6.069317295
11/19/2010,6.086055796
11/20/2010,6.07903343
11/21/2010,6.062975891
11/22/2010,6.071368478
11/23/2010,6.063182025
11/24/2010,6.088215659
11/25/2010,6.188724565
11/26/2010,6.100122432
11/27/2010,6.072261423
11/28/2010,6.058106138
11/29/2010,6.059046351
11/30/2010,6.061854436
12/1/2010,6.060603533
12/2/2010,6.06173941
12/3/2010,6.084293239
12/4/2010,6.079404025
12/5/2010,6.080207801
12/6/2010,6.062650877
12/7/2010,6.063345408
12/8/2010,6.063552435
12/9/2010,6.058008802
12/10/2010,6.083980047
12/11/2010,6.080802611
12/12/2010,6.055303079
12/13/2010,6.053684722
12/14/2010,6.065694631
12/15/2010,6.062095237
12/16/2010,6.065118708
12/17/2010,6.08748971
12/18/2010,6.080360548
12/19/2010,6.075043826
12/20/2010,6.066653357
12/21/2010,6.090876523
12/22/2010,6.086401593
12/23/2010,6.11505025
12/24/2010,6.265476716
12/25/2010,6.302097056
12/26/2010,6.082195246
12/27/2010,6.055134457
12/28/2010,6.045935703
12/29/2010,6.036925884
12/30/2010,6.057439147
12/31/2010,6.197495067
1/1/2011,6.15569599
1/2/2011,6.047530381
1/3/2011,6.031639404
1/4/2011,6.033936318
1/5/2011,6.037860195
1/6/2011,6.042639766
1/7/2011,6.060415042
1/8/2011,6.013628746
1/9/2011,6.019540787
1/10/2011,6.014149223
1/11/2011,6.012008903
1/12/2011,6.017009565
1/13/2011,6.025946504
1/14/2011,6.057230777
1/15/2011,6.044887825
1/16/2011,6.043340851
1/17/2011,6.038903791
1/18/2011,6.019589203
1/19/2011,6.035449649
1/20/2011,6.03248306
1/21/2011,6.055216033
1/22/2011,6.058605388
1/23/2011,6.035544349
1/24/2011,6.023286133
1/25/2011,6.02729353
1/26/2011,6.029155973
1/27/2011,6.026943347
1/28/2011,6.050117673
1/29/2011,6.05157929
1/30/2011,6.03432941
1/31/2011,6.028302992
2/1/2011,6.025323838
2/2/2011,6.019266574
2/3/2011,6.028867316
2/4/2011,6.058558217
2/5/2011,6.052189562
2/6/2011,6.047276723
2/7/2011,6.035461112
2/8/2011,6.032772617
2/9/2011,6.040318538
2/10/2011,6.037926214
2/11/2011,6.076045831
2/12/2011,6.068491835
2/13/2011,6.078640226
2/14/2011,6.170400255
2/15/2011,6.045204263
2/16/2011,6.034180315
2/17/2011,6.032843538
2/18/2011,6.048661125
2/19/2011,6.042629811
2/20/2011,6.036871415
2/21/2011,6.016895395
2/22/2011,6.013136991
2/23/2011,6.027688109
2/24/2011,6.027277882
2/25/2011,6.049384179
2/26/2011,6.050482993
2/27/2011,6.050162116
2/28/2011,6.03628477
3/1/2011,6.069962259
3/2/2011,6.034756965
3/3/2011,6.037072528
3/4/2011,6.063949269
3/5/2011,6.047560044
3/6/2011,6.031387863
3/7/2011,6.028680499
3/8/2011,6.042039924
3/9/2011,6.025271191
3/10/2011,6.022335285
3/11/2011,5.979621183
3/12/2011,6.022067119
3/13/2011,6.015159739
3/14/2011,6.012901489
3/15/2011,6.007871702
3/16/2011,6.008342629
3/17/2011,6.042348606
3/18/2011,6.056805671
3/19/2011,6.045545986
3/20/2011,6.025689581
3/21/2011,6.025805832
3/22/2011,6.025092209
3/23/2011,6.019367841
3/24/2011,6.02559506
3/25/2011,6.054455949
3/26/2011,6.040948365
3/27/2011,6.032088002
3/28/2011,6.023562238
3/29/2011,6.016473482
3/30/2011,6.025383083
3/31/2011,6.030361393
4/1/2011,6.038384212
4/2/2011,6.049827383
4/3/2011,6.049525327
4/4/2011,6.029556588
4/5/2011,6.022384407
4/6/2011,6.031109975
4/7/2011,6.014364996
4/8/2011,6.03748564
4/9/2011,6.045089165
4/10/2011,6.032228074
4/11/2011,6.022906339
4/12/2011,6.02114857
4/13/2011,6.022129509
4/14/2011,6.024358315
4/15/2011,6.05242885
4/16/2011,6.035904973
4/17/2011,6.029070119
4/18/2011,6.022687421
4/19/2011,6.019696217
4/20/2011,6.033364687
4/21/2011,6.041613198
4/22/2011,6.057430829
4/23/2011,6.050909374
4/24/2011,6.088385276
4/25/2011,6.015242047
4/26/2011,6.019955103
4/27/2011,6.008531463
4/28/2011,6.020709317
4/29/2011,6.085887806
4/30/2011,6.05129229
5/1/2011,5.985912872
5/2/2011,5.925316861
5/3/2011,6.001419981
5/4/2011,6.011079626
5/5/2011,6.020333483
5/6/2011,6.044666902
5/7/2011,6.040966993
5/8/2011,6.100741831
5/9/2011,6.012526026
5/10/2011,6.019679169
5/11/2011,6.005427903
5/12/2011,6.009659157
5/13/2011,6.037234125
5/14/2011,6.036938109
5/15/2011,6.013935809
5/16/2011,6.003257336
5/17/2011,6.016106746
5/18/2011,6.012088999
5/19/2011,6.019906316
5/20/2011,6.026562169
5/21/2011,6.015748466
5/22/2011,6.027055571
5/23/2011,6.013608539
5/24/2011,6.002602576
5/25/2011,6.008706711
5/26/2011,6.007681425
5/27/2011,6.041940319
5/28/2011,6.037689648
5/29/2011,6.021411718
5/30/2011,6.014095413
5/31/2011,6.004646876
6/1/2011,6.01318512
6/2/2011,6.013676191
6/3/2011,6.036845852
6/4/2011,6.029753759
6/5/2011,6.016083322
6/6/2011,5.994471375
6/7/2011,6.001619973
6/8/2011,5.998509086
6/9/2011,6.006876779
6/10/2011,6.022943552
6/11/2011,6.028822499
6/12/2011,6.007006729
6/13/2011,6.006287544
6/14/2011,6.01314322
6/15/2011,6.010013229
6/16/2011,6.008111701
6/17/2011,6.0297541
6/18/2011,6.036815344
6/19/2011,6.081142227
6/20/2011,5.998581519
6/21/2011,6.009177525
6/22/2011,5.996760789
6/23/2011,5.998767463
6/24/2011,6.026194498
6/25/2011,6.024410583
6/26/2011,6.000115767
6/27/2011,6.005264761
6/28/2011,6.002699983
6/29/2011,6.004199005
6/30/2011,6.012515063
7/1/2011,6.041332687
7/2/2011,6.023285584
7/3/2011,6.017447823
7/4/2011,6.040894231
7/5/2011,5.956409994
7/6/2011,6.000409489
7/7/2011,6.001083373
7/8/2011,6.014599007
7/9/2011,6.013511859
7/10/2011,6.00468792
7/11/2011,6.002784253
7/12/2011,6.003170726
7/13/2011,5.994711057
7/14/2011,6.00657277
7/15/2011,6.020345401
7/16/2011,6.019621372
7/17/2011,6.00124624
7/18/2011,5.988014923
7/19/2011,5.992744405
7/20/2011,5.996372441
7/21/2011,6.000362796
7/22/2011,6.015054876
7/23/2011,5.947777001
7/24/2011,5.995254676
7/25/2011,5.980374051
7/26/2011,6.004451365
7/27/2011,5.998298619
7/28/2011,5.996150767
7/29/2011,6.014136001
7/30/2011,6.012130358
7/31/2011,6.000222469
8/1/2011,5.989292235
8/2/2011,5.987976689
8/3/2011,5.988883204
8/4/2011,5.995812327
8/5/2011,6.014235104
8/6/2011,5.997383825
8/7/2011,6.003890534
8/8/2011,5.949218073
8/9/2011,5.949828449
8/10/2011,5.977454131
8/11/2011,5.983612341
8/12/2011,6.016457856
8/13/2011,6.001728411
8/14/2011,5.998216636
8/15/2011,5.994914254
8/16/2011,5.999185051
8/17/2011,6.002619268
8/18/2011,5.992999385
8/19/2011,6.020521664
8/20/2011,6.012800976
8/21/2011,5.994354106
8/22/2011,5.994669864
8/23/2011,5.948201228
8/24/2011,5.992255783
8/25/2011,5.979400801
8/26/2011,6.001355485
8/27/2011,5.975245255
8/28/2011,5.982231623
8/29/2011,6.007859847
8/30/2011,5.991918086
8/31/2011,5.997110094
9/1/2011,5.999365028
9/2/2011,6.019295071
9/3/2011,6.005381743
9/4/2011,5.998384889
9/5/2011,5.987834174
9/6/2011,5.983897363
9/7/2011,5.979892526
9/8/2011,5.98936675
9/9/2011,6.018937572
9/10/2011,6.002351467
9/11/2011,5.957658372
9/12/2011,5.975228729
9/13/2011,5.981802484
9/14/2011,5.993940745
9/15/2011,5.995492128
9/16/2011,6.026935154
9/17/2011,6.003978986
9/18/2011,5.973861458
9/19/2011,5.979205327
9/20/2011,5.983687228
9/21/2011,5.943136277
9/22/2011,5.975923532
9/23/2011,6.014901485
9/24/2011,6.003656882
9/25/2011,5.973239202
9/26/2011,5.970459487
9/27/2011,5.988770386
9/28/2011,5.98359728
9/29/2011,5.98810064
9/30/2011,6.015221256
10/1/2011,6.013868361
10/2/2011,5.989020844
10/3/2011,5.97900187
10/4/2011,5.982736396
10/5/2011,5.985975241
10/6/2011,5.985018826
10/7/2011,6.012467357
10/8/2011,6.001075535
10/9/2011,5.992292844
10/10/2011,5.980620519
10/11/2011,5.962023661
10/12/2011,5.974441932
10/13/2011,5.986236934
10/14/2011,6.026379819
10/15/2011,6.014540131
10/16/2011,5.988402803
10/17/2011,5.985297833
10/18/2011,5.991274229
10/19/2011,5.989244176
10/20/2011,5.97740023
10/21/2011,6.008894152
10/22/2011,6.00177358
10/23/2011,5.977453382
10/24/2011,5.983811158
10/25/2011,5.983242375
10/26/2011,5.980328028
10/27/2011,5.991077228
10/28/2011,6.017891143
10/29/2011,5.997263568
10/30/2011,5.98090834
10/31/2011,6.004719367
11/1/2011,5.993139208
11/2/2011,5.995755511
11/3/2011,5.990541877
11/4/2011,6.019868091
11/5/2011,6.012524231
11/6/2011,5.994787745
11/7/2011,5.969811424
11/8/2011,5.977601382
11/9/2011,5.976223102
11/10/2011,5.990054171
11/11/2011,6.03540482
11/12/2011,6.004610014
11/13/2011,5.98121208
11/14/2011,5.972210051
11/15/2011,5.979592968
11/16/2011,5.977819543
11/17/2011,5.985154408
11/18/2011,6.01161531
11/19/2011,5.992486242
11/20/2011,5.991408799
11/21/2011,5.98992678
11/22/2011,5.994885999
11/23/2011,6.024705014
11/24/2011,6.144654981
11/25/2011,6.025653823
11/26/2011,5.997148815
11/27/2011,5.969229261
11/28/2011,5.970849899
11/29/2011,5.979786306
11/30/2011,5.993025047
12/1/2011,6.00067622
12/2/2011,6.019640098
12/3/2011,6.008189816
12/4/2011,5.991527784
12/5/2011,5.983517213
12/6/2011,5.983677068
12/7/2011,5.987552719
12/8/2011,5.99044817
12/9/2011,6.021502868
12/10/2011,6.028720036
12/11/2011,5.999526236
12/12/2011,5.991414723
12/13/2011,6.000139176
12/14/2011,5.998323169
12/15/2011,5.998562003
12/16/2011,6.019390301
12/17/2011,6.015749565
12/18/2011,5.998022755
12/19/2011,5.995859731
12/20/2011,5.998257328
12/21/2011,6.016870809
12/22/2011,6.017710187
12/23/2011,6.045026248
12/24/2011,6.176435358
12/25/2011,6.250338342
12/26/2011,6.030825944
12/27/2011,5.985032112
12/28/2011,5.981450406
12/29/2011,5.979110715
12/30/2011,6.001403143
12/31/2011,6.109636667
1/1/2012,6.059209723
1/2/2012,5.974576011
1/3/2012,5.968592552
1/4/2012,5.97061102
1/5/2012,5.973143251
1/6/2012,5.990856168
1/7/2012,5.98769538
1/8/2012,5.977092094
1/9/2012,5.975933267
1/10/2012,5.972079872
1/11/2012,5.98815575
1/12/2012,5.985178386
1/13/2012,6.006141512
1/14/2012,5.992882911
1/15/2012,5.980005608
1/16/2012,5.960497871
1/17/2012,5.967188389
1/18/2012,5.954893237
1/19/2012,5.969642115
1/20/2012,5.993824325
1/21/2012,5.981192064
1/22/2012,5.969805871
1/23/2012,5.966965152
1/24/2012,5.97085975
1/25/2012,5.974089863
1/26/2012,5.979041863
1/27/2012,6.006112315
1/28/2012,5.995582631
1/29/2012,5.972039651
1/30/2012,5.964475827
1/31/2012,5.978538027
2/1/2012,5.981484789
2/2/2012,5.987982675
2/3/2012,6.016461136
2/4/2012,6.00854577
2/5/2012,6.00776004
2/6/2012,5.978686005
2/7/2012,5.98240347
2/8/2012,5.980636088
2/9/2012,5.987687052
2/10/2012,6.011751495
2/11/2012,5.967592325
2/12/2012,5.979249276
2/13/2012,6.003354458
2/14/2012,6.125171201
2/15/2012,5.977079292
2/16/2012,5.983786588
2/17/2012,6.004337295
2/18/2012,5.97210654
2/19/2012,5.972013088
2/20/2012,5.969573702
2/21/2012,5.984354867
2/22/2012,5.97177372
2/23/2012,5.969891626
2/24/2012,6.000662696
2/25/2012,5.997553761
2/26/2012,5.980837475
2/27/2012,5.972799079
2/28/2012,5.973748846
2/29/2012,5.976458924
3/1/2012,6.031074185
3/2/2012,5.999825926
3/3/2012,5.991875833
3/4/2012,5.973312148
3/5/2012,5.967080325
3/6/2012,5.971658493
3/7/2012,5.976262052
3/8/2012,5.998827237
3/9/2012,6.005512921
3/10/2012,6.00527063
3/11/2012,5.987692585
3/12/2012,5.973792975
3/13/2012,5.980005906
3/14/2012,5.992001749
3/15/2012,5.99294637
3/16/2012,6.00324556
3/17/2012,6.030077282
3/18/2012,6.001829482
3/19/2012,5.965858237
3/20/2012,5.979723642
3/21/2012,5.980787061
3/22/2012,5.981451688
3/23/2012,5.998640495
3/24/2012,6.000938323
3/25/2012,5.983502782
3/26/2012,5.966677764
3/27/2012,5.977071943
3/28/2012,5.981688779
3/29/2012,5.973447944
3/30/2012,6.001944776
3/31/2012,5.998394617
4/1/2012,5.977760736
4/2/2012,5.97795686
4/3/2012,5.975179836
4/4/2012,5.984958455
4/5/2012,5.990030825
4/6/2012,6.008224913
4/7/2012,6.008044295
4/8/2012,6.043857373
4/9/2012,5.967451452
4/10/2012,5.957566279
4/11/2012,5.945989269
4/12/2012,5.9673731
4/13/2012,6.002318484
4/14/2012,5.994217352
4/15/2012,5.969277208
4/16/2012,5.961999754
4/17/2012,5.971063559
4/18/2012,5.967237667
4/19/2012,5.972577496
4/20/2012,6.006459768
4/21/2012,6.007273559
4/22/2012,5.982826403
4/23/2012,5.965266069
4/24/2012,5.973741683
4/25/2012,5.969665237
4/26/2012,5.980339731
4/27/2012,6.002104876
4/28/2012,5.990597634
4/29/2012,5.966744103
4/30/2012,5.957553178
5/1/2012,5.967354171
5/2/2012,5.969267168
5/3/2012,5.975168346
5/4/2012,5.996446524
5/5/2012,6.000354934
5/6/2012,5.972186151
5/7/2012,5.953812669
5/8/2012,5.9610387
5/9/2012,5.965070652
5/10/2012,5.976149727
5/11/2012,5.999791723
5/12/2012,6.01755703
5/13/2012,6.085988186
5/14/2012,5.959971749
5/15/2012,5.955277179
5/16/2012,5.961077336
5/17/2012,5.964387491
5/18/2012,5.999413495
5/19/2012,5.999580602
5/20/2012,5.975218488
5/21/2012,5.954063337
5/22/2012,5.956295276
5/23/2012,5.967836261
5/24/2012,5.97336458
5/25/2012,6.000124641
5/26/2012,5.999360325
5/27/2012,5.984112619
5/28/2012,5.973329661
5/29/2012,5.944631374
5/30/2012,5.95509192
5/31/2012,5.976409203
6/1/2012,5.994007749
6/2/2012,5.997491189
6/3/2012,5.964089333
6/4/2012,5.965338188
6/5/2012,5.963471203
6/6/2012,5.968853322
6/7/2012,5.969897331
6/8/2012,5.991607441
6/9/2012,5.98215249
6/10/2012,5.963953631
6/11/2012,5.970891833
6/12/2012,5.96133446
6/13/2012,5.963052646
6/14/2012,5.955436809
6/15/2012,5.982783837
6/16/2012,5.99112891
6/17/2012,6.036983011
6/18/2012,5.967481988
6/19/2012,5.945891683
6/20/2012,5.96257118
6/21/2012,5.960834311
6/22/2012,5.97729736
6/23/2012,5.980804466
6/24/2012,5.960797137
6/25/2012,5.952361346
6/26/2012,5.965403516
6/27/2012,5.970285448
6/28/2012,5.965095822
6/29/2012,5.993940254
6/30/2012,5.965166157
7/1/2012,5.967999297
7/2/2012,5.962862427
7/3/2012,5.966096242
7/4/2012,6.014491977
7/5/2012,5.967250692
7/6/2012,5.974910358
7/7/2012,5.978204083
7/8/2012,5.961349283
7/9/2012,5.949306468
7/10/2012,5.968522217
7/11/2012,5.962283141
7/12/2012,5.965368075
7/13/2012,5.979071214
7/14/2012,5.97655488
7/15/2012,5.976346281
7/16/2012,5.965195367
7/17/2012,5.95974563
7/18/2012,5.958464815
7/19/2012,5.968250191
7/20/2012,5.941482453
7/21/2012,5.972915293
7/22/2012,5.984521881
7/24/2012,5.960477811
7/25/2012,5.96958591
7/26/2012,5.962283708
7/27/2012,6.008272746
7/28/2012,5.992179363
7/29/2012,5.982091466
7/30/2012,5.964792632
7/31/2012,5.984100604
8/1/2012,5.985807461
8/2/2012,5.985920822
8/3/2012,5.999039475
8/4/2012,6.001817548
8/5/2012,5.982847474
8/6/2012,5.967545221
8/7/2012,5.977611924
8/8/2012,5.974475997
8/9/2012,5.982301246
8/10/2012,5.98757401
8/11/2012,5.991816879
8/12/2012,5.996628505
8/13/2012,5.960807797
8/14/2012,5.971105676
8/15/2012,5.972966662
8/16/2012,5.981551218
8/17/2012,5.989405272
8/18/2012,5.984989848
8/19/2012,5.975309598
8/20/2012,5.972257645
8/21/2012,5.956126949
8/22/2012,5.95811524
8/23/2012,5.976890712
8/24/2012,5.984255829
8/25/2012,5.983705383
8/26/2012,5.970925093
8/27/2012,5.961610295
8/28/2012,5.9784735
8/29/2012,6.00523759
8/30/2012,5.987945708
8/31/2012,6.006139634
9/1/2012,6.000371342
9/2/2012,5.97740658
9/3/2012,5.959497611
9/4/2012,5.96797136
9/5/2012,5.965983185
9/6/2012,5.986048713
9/7/2012,6.005777346
9/8/2012,5.99125303
9/9/2012,5.973305408
9/10/2012,5.963856187
9/11/2012,5.953798633
9/12/2012,5.977641271
9/13/2012,6.000016624
9/14/2012,5.997939268
9/15/2012,5.997288958
9/17/2012,5.96024227
9/18/2012,5.965611584
9/19/2012,5.975915565
9/20/2012,5.988133796
9/21/2012,6.012038845
9/22/2012,5.998769796
9/23/2012,5.967510381
9/24/2012,5.952459213
9/25/2012,5.95819404
9/26/2012,5.969936225
9/27/2012,5.971428538
9/28/2012,6.00517066
9/29/2012,6.004206416
9/30/2012,5.969241621
10/1/2012,5.966861771
10/2/2012,5.959296228
10/3/2012,5.941905024
10/4/2012,5.97106488
10/5/2012,5.999606627
10/6/2012,5.999882297
10/7/2012,5.987787584
10/8/2012,5.969798293
10/9/2012,5.959730758
10/10/2012,5.959470823
10/11/2012,5.963929852
10/12/2012,5.98957465
10/13/2012,5.983199703
10/14/2012,5.959406395
10/15/2012,5.951676829
10/16/2012,5.928096194
10/17/2012,5.961127665
10/18/2012,5.971269892
10/19/2012,5.992699635
10/20/2012,6.00112897
10/21/2012,5.96800884
10/22/2012,5.943216024
10/23/2012,5.958173246
10/24/2012,5.962956857
10/25/2012,5.970880301
10/26/2012,5.989869879
10/27/2012,5.979423088
10/28/2012,5.937945133
10/29/2012,5.925923742
10/30/2012,5.945526119
10/31/2012,5.992698424
11/1/2012,5.969772824
11/2/2012,5.990362792
11/3/2012,5.986367824
11/4/2012,5.953849864
11/5/2012,5.959302385
11/6/2012,5.930486597
11/7/2012,5.96207295
11/8/2012,5.974622997
11/9/2012,5.997814537
11/10/2012,5.990720794
11/11/2012,5.978306255
11/12/2012,5.968903981
11/13/2012,5.969186212
11/14/2012,5.971603027
11/16/2012,5.986264693
11/18/2012,5.973430701
11/19/2012,5.964026872
11/20/2012,5.977716709
11/21/2012,5.985223915
11/22/2012,6.12192778
11/23/2012,6.011306049
11/24/2012,5.986812348
11/25/2012,5.962466117
11/26/2012,5.962172564
11/27/2012,5.966609723
11/28/2012,5.969079609
11/29/2012,5.974152179
11/30/2012,6.01934687
12/1/2012,6.015975837
12/2/2012,5.970888583
12/3/2012,5.966461149
12/4/2012,5.975198851
12/5/2012,5.975269558
12/6/2012,5.980046314
12/7/2012,5.998917203
12/8/2012,5.997604284
12/9/2012,5.973525613
12/10/2012,5.964305738
12/11/2012,5.969108101
12/12/2012,5.979768389
12/13/2012,5.990229692
12/14/2012,5.892759469
12/15/2012,5.970407696
12/16/2012,5.956519051
12/17/2012,5.953757136
12/18/2012,5.969884083
12/19/2012,5.969273669
12/20/2012,5.966410269
12/21/2012,5.993224016
12/22/2012,5.99931644
12/23/2012,6.023572526
12/24/2012,6.168011884
12/25/2012,6.233341521
12/26/2012,5.991825095
12/27/2012,5.96340514
12/28/2012,5.963292898
12/29/2012,5.952361779
12/30/2012,5.955869925
12/31/2012,6.098792129
1/1/2013,6.029148129
1/2/2013,5.943104145
1/3/2013,5.945155183
1/4/2013,5.964649574
1/5/2013,5.962414046
1/6/2013,5.93907779
1/7/2013,5.943205894
1/8/2013,5.947688343
1/9/2013,5.969924041
1/10/2013,5.948694283
1/11/2013,5.985985228
1/12/2013,5.997515321
1/13/2013,5.963509274
1/14/2013,5.945392303
1/15/2013,5.945943403
1/16/2013,5.946081344
1/17/2013,5.952498554
1/18/2013,5.9743646
1/19/2013,5.980652872
1/20/2013,5.948865709
1/21/2013,5.945570231
1/22/2013,5.937981203
1/23/2013,5.941097062
1/24/2013,5.954452671
1/25/2013,5.975547637
1/26/2013,5.982543234
1/27/2013,5.957141383
1/28/2013,5.949307274
1/29/2013,5.957847241
1/30/2013,5.948751061
1/31/2013,5.966799857
2/1/2013,6.014500585
2/2/2013,5.993726288
2/3/2013,5.985345537
2/4/2013,5.955418601
2/5/2013,5.959478519
2/6/2013,5.96987172
2/7/2013,5.963506145
2/8/2013,5.98355303
2/9/2013,5.993227875
2/10/2013,5.989632687
2/11/2013,5.963675863
2/12/2013,5.957612831
2/13/2013,6.003220511
2/14/2013,6.120349094
2/15/2013,6.015415016
2/16/2013,5.992160264
2/17/2013,5.978738826
2/18/2013,5.960311513
2/19/2013,5.952589334
2/20/2013,5.966146583
2/21/2013,5.962326643
2/22/2013,5.984152569
2/23/2013,5.992131035
2/24/2013,5.977196116
2/25/2013,5.956279779
2/26/2013,5.952982889
2/27/2013,5.956384798
2/28/2013,5.982133435
3/1/2013,6.029412474
3/2/2013,6.001931335
3/3/2013,5.967634657
3/4/2013,5.959519116
3/5/2013,5.946316935
3/6/2013,5.961099021
3/7/2013,5.965173091
3/8/2013,6.003105952
3/9/2013,5.999392986
3/10/2013,5.990328042
3/11/2013,5.957555261
3/12/2013,5.957896565
3/13/2013,5.966730696
3/14/2013,5.972918832
3/15/2013,5.990282382
3/16/2013,5.989816861
3/17/2013,5.985747311
3/18/2013,5.95523881
3/19/2013,5.949991123
3/20/2013,5.9643563
3/21/2013,5.971728417
3/22/2013,5.993999292
3/23/2013,5.989225034
3/24/2013,5.969017681
3/25/2013,5.962545167
3/26/2013,5.966155406
3/27/2013,5.966004637
3/28/2013,5.989859012
3/29/2013,5.996037717
3/30/2013,5.997488163
3/31/2013,6.008554405
4/1/2013,5.958225504
4/2/2013,5.965487647
4/3/2013,5.945948418
4/4/2013,5.960015276
4/5/2013,5.98040975
4/6/2013,5.993457581
4/7/2013,5.975455821
4/8/2013,5.954836127
4/9/2013,5.964039063
4/10/2013,5.964124135
4/11/2013,5.963025288
4/12/2013,5.990429407
4/13/2013,5.988068677
4/14/2013,5.975770022
4/15/2013,5.889957941
4/16/2013,5.944432886
4/17/2013,5.950168304
4/18/2013,5.962749188
4/19/2013,5.930567657
4/20/2013,5.996827218
4/21/2013,5.977986016
4/22/2013,5.96741556
4/23/2013,5.965797484
4/24/2013,5.967400048
4/25/2013,5.978007262
4/26/2013,5.997329235
4/27/2013,6.003450921
4/28/2013,5.975359255
4/29/2013,5.963652881
4/30/2013,5.972060992
5/1/2013,5.97688835
5/2/2013,5.981711386
5/3/2013,6.003317333
5/4/2013,6.000077112
5/5/2013,5.978958438
5/6/2013,5.963039863
5/7/2013,5.961959523
5/8/2013,5.970931461
5/9/2013,5.977936408
5/10/2013,5.999387706
5/11/2013,6.017693933
5/12/2013,6.074707168
5/13/2013,5.976081068
5/14/2013,5.970168808
5/15/2013,5.96786536
5/16/2013,5.974994989
5/17/2013,6.004331161
5/18/2013,6.008036389
5/19/2013,5.992441777
5/20/2013,5.970700084
5/21/2013,5.949007935
5/22/2013,5.943023513
5/23/2013,5.962529636
5/24/2013,5.99920808
5/25/2013,6.022691256
5/26/2013,5.991322449
5/27/2013,5.984830018
5/28/2013,5.961011251
5/29/2013,5.969800262
5/30/2013,5.975856555
5/31/2013,5.99380337
6/1/2013,5.997696966
6/2/2013,5.979529658
6/3/2013,5.956948475
6/4/2013,5.973130722
6/5/2013,5.978423086
6/6/2013,5.97787712
6/7/2013,5.994151672
6/8/2013,6.016068404
6/9/2013,5.985087678
6/10/2013,5.967208721
6/11/2013,5.959527224
6/12/2013,5.960427811
6/13/2013,5.964750588
6/14/2013,6.004796748
6/15/2013,6.015032419
6/16/2013,6.056248378
6/17/2013,5.972985285
6/18/2013,5.958474137
6/19/2013,5.961339253
6/20/2013,5.958713403
6/21/2013,5.985627345
6/22/2013,5.996768308
6/23/2013,5.981990178
6/24/2013,5.96419377
6/25/2013,5.976217423
6/26/2013,5.965991168
6/27/2013,5.969741425
6/28/2013,5.989896967
6/29/2013,5.994451637
6/30/2013,5.991734738
7/1/2013,5.977582926
7/2/2013,5.972020151
7/3/2013,5.974746699
7/4/2013,6.035602611
7/5/2013,5.982973312
7/6/2013,5.986359245
7/7/2013,5.988806105
7/8/2013,5.962780653
7/9/2013,5.981233395
7/10/2013,5.976815673
7/11/2013,5.98354521
7/12/2013,5.978997074
7/13/2013,5.919691762
7/14/2013,5.928392352
7/15/2013,5.976579623
7/16/2013,5.988863895
7/17/2013,5.98253425
7/18/2013,5.984434172
7/19/2013,5.995768016
7/20/2013,5.992418585
7/21/2013,5.977694447
7/22/2013,5.996887773
7/23/2013,6.005270466
7/24/2013,5.983075962
7/25/2013,5.983652272
7/26/2013,5.988357567
7/27/2013,5.979830611
7/28/2013,5.980195151
7/29/2013,5.968747378
7/30/2013,5.970900634
7/31/2013,5.980494709
8/1/2013,5.988889974
8/2/2013,5.986988991
8/3/2013,6.00075218
8/4/2013,5.993413933
8/5/2013,5.988992932
8/6/2013,5.974068231
8/7/2013,5.976513469
8/8/2013,5.980231508
8/9/2013,5.988103919
8/10/2013,5.985869422
8/11/2013,5.991711146
8/12/2013,5.980706284
8/13/2013,5.970479865
8/14/2013,5.986670113
8/15/2013,5.980941501
8/16/2013,5.998171585
8/17/2013,5.995888701
8/18/2013,5.978335407
8/19/2013,5.981755485
8/20/2013,5.997515065
8/21/2013,5.975610649
8/22/2013,5.982653468
8/23/2013,6.000851657
8/24/2013,6.001591413
8/25/2013,5.986228542
8/26/2013,5.992820473
8/27/2013,5.973263861
8/28/2013,5.993315067
8/29/2013,6.014808922
8/30/2013,6.005466547
8/31/2013,5.998898457
9/1/2013,5.993581562
9/2/2013,5.983922756
9/3/2013,5.973966932
9/4/2013,5.975456108
9/5/2013,5.982370395
9/6/2013,6.014618306
9/7/2013,6.007032489
9/8/2013,5.98267748
9/9/2013,5.953049783
9/10/2013,5.966149988
9/11/2013,5.955522116
9/12/2013,5.9898846
9/13/2013,6.040026929
9/14/2013,6.005330208
9/15/2013,5.967437904
9/16/2013,5.962850583
9/17/2013,5.979871458
9/18/2013,5.974068862
9/19/2013,5.985635881
9/20/2013,6.010865083
9/21/2013,6.001866394
9/22/2013,5.979806391
9/23/2013,5.969244873
9/24/2013,5.965943588
9/25/2013,5.973001036
9/26/2013,5.982295433
9/27/2013,6.013965008
9/28/2013,6.009514464
9/29/2013,5.963870051
9/30/2013,5.961894417
10/1/2013,5.956290659
10/2/2013,5.973885489
10/3/2013,5.969415869
10/4/2013,6.007623274
10/5/2013,6.012353599
10/6/2013,5.998727882
10/7/2013,5.973283026
10/8/2013,5.978641442
10/9/2013,5.979228183
10/10/2013,5.992631698
10/11/2013,6.006912231
10/12/2013,6.009737556
10/13/2013,5.980167002
10/14/2013,5.990110411
10/16/2013,5.978825945
10/17/2013,5.984345524
10/18/2013,6.010860979
10/19/2013,6.011190457
10/20/2013,5.986551606
10/21/2013,5.983370001
10/22/2013,5.983787086
10/23/2013,5.985958586
10/24/2013,5.995594996
10/25/2013,6.027343904
10/26/2013,6.020433929
10/27/2013,6.029708304
10/28/2013,5.996188281
10/29/2013,6.006404729
10/30/2013,6.001112411
10/31/2013,6.038543364
11/1/2013,6.018653894
11/2/2013,6.029721971
11/3/2013,6.013266753
11/4/2013,5.982792044
11/5/2013,5.986869907
11/6/2013,5.991159551
11/7/2013,5.991947298
11/8/2013,6.021620858
11/9/2013,6.012848625
11/10/2013,5.995743839
11/11/2013,5.992952015
11/12/2013,5.995408771
11/13/2013,5.991657555
11/14/2013,5.993399802
11/15/2013,6.02594407
11/16/2013,6.023469101
11/17/2013,5.985285424
11/18/2013,5.987256124
11/19/2013,5.995970962
11/20/2013,6.001488706
11/21/2013,5.993987787
11/22/2013,6.031785193
11/23/2013,6.035983429
11/24/2013,6.002587016
11/25/2013,5.998165217
11/26/2013,5.991237996
11/27/2013,6.008481511
11/28/2013,6.150087092
11/29/2013,6.034086464
11/30/2013,5.971959743
12/1/2013,5.956396236
12/2/2013,5.989717674
12/3/2013,5.994018676
12/4/2013,6.002137714
12/5/2013,5.98111392
12/7/2013,6.013945752
12/8/2013,5.997682463
12/9/2013,5.980713213
12/10/2013,5.995431765
12/11/2013,6.002112873
12/12/2013,6.001024299
12/13/2013,6.031751039
12/14/2013,6.025593734
12/15/2013,6.008599096
12/16/2013,6.00141012
12/17/2013,6.012484207
12/18/2013,6.013167729
12/19/2013,6.015799524
12/20/2013,6.043980457
12/21/2013,6.051106979
12/22/2013,6.025538959
12/23/2013,6.056317143
12/24/2013,6.200165602
12/25/2013,6.276911383
12/26/2013,6.052753035
12/27/2013,6.015821862
12/28/2013,6.003334056
12/29/2013,5.98281657
12/30/2013,5.999051419
12/31/2013,6.121500803
1/1/2014,6.078008332
1/2/2014,5.984447829
1/3/2014,5.984833286
1/4/2014,5.979779899
1/5/2014,5.958183273
1/6/2014,5.958130465
1/7/2014,5.963692921
1/8/2014,5.972863439
1/9/2014,5.994362002
1/10/2014,6.006395188
1/11/2014,6.014377805
1/12/2014,6.019070944
1/13/2014,6.001395488
1/14/2014,5.967072894
1/15/2014,5.976620641
1/16/2014,5.982048949
1/17/2014,6.010320093
1/18/2014,6.011137216
1/19/2014,5.971851684
1/20/2014,5.985537517
1/21/2014,5.971526862
1/22/2014,5.974256678
1/23/2014,5.940289276
1/24/2014,5.996117625
1/25/2014,6.007073855
1/26/2014,6.001433198
1/27/2014,5.979308015
1/28/2014,5.980599718
1/29/2014,5.97942017
1/30/2014,5.99230274
1/31/2014,6.029888843
2/1/2014,6.042480313
2/2/2014,6.02178095
2/3/2014,5.998592455
2/4/2014,5.997766577
2/5/2014,6.001047029
2/6/2014,5.998148311
2/7/2014,6.029323351
2/8/2014,6.027714999
2/9/2014,5.994992639
2/10/2014,6.002674212
2/11/2014,6.001267859
2/12/2014,6.008869671
2/13/2014,6.025495694
2/14/2014,6.17489194
2/15/2014,6.045034996
2/16/2014,6.015116032
2/17/2014,6.000890397
2/18/2014,5.991840316
2/19/2014,6.008775347
2/20/2014,6.006125909
2/21/2014,6.02950759
2/22/2014,6.029981883
2/23/2014,6.01274026
2/24/2014,6.007308908
2/25/2014,5.995976238
2/26/2014,6.009933484
2/27/2014,6.007972299
2/28/2014,6.04576855
3/1/2014,6.077708269
3/2/2014,6.032184164
3/3/2014,6.000869083
3/4/2014,6.005506786
3/5/2014,6.003952239
3/6/2014,6.00607582
3/7/2014,6.022902895
3/8/2014,6.042116252
3/9/2014,6.022627093
3/10/2014,5.994654938
3/11/2014,5.986626749
3/12/2014,5.995806653
3/13/2014,5.998430528
3/14/2014,6.029889514
3/15/2014,6.047808979
3/16/2014,6.022098496
3/17/2014,6.010786977
3/18/2014,6.012392788
3/19/2014,6.028914781
3/20/2014,6.028314593
3/21/2014,6.035393209
3/22/2014,6.048981269
3/23/2014,6.006031614
3/24/2014,5.988989861
3/25/2014,5.992416496
3/26/2014,6.00659024
3/27/2014,6.013446543
3/28/2014,6.025510727
3/29/2014,6.022807048
3/30/2014,6.024603311
3/31/2014,6.00751273
4/1/2014,5.992317835
4/2/2014,6.001928124
4/3/2014,6.013169336
4/4/2014,6.040523941
4/5/2014,6.056301015
4/6/2014,6.025174417
4/7/2014,6.002580387
4/8/2014,6.010370047
4/9/2014,6.004126217
4/10/2014,6.014370649
4/11/2014,6.043750704
4/12/2014,6.038738482
4/13/2014,6.035372417
4/14/2014,6.005641922
4/15/2014,6.007824159
4/16/2014,6.013661802
4/17/2014,6.014875761
4/18/2014,6.038728089
4/19/2014,6.038787752
4/20/2014,6.080696377
4/21/2014,6.018839225
4/22/2014,6.015791066
4/23/2014,6.016884694
4/24/2014,6.016852379
4/25/2014,6.037070681
4/26/2014,6.037906469
4/27/2014,6.011031944
4/28/2014,5.993357455
4/29/2014,5.990943143
4/30/2014,6.002782154
5/1/2014,6.020085752
5/2/2014,6.033055506
5/3/2014,6.044332667
5/4/2014,6.017253171
5/5/2014,6.010979065
5/6/2014,6.009593087
5/7/2014,6.009101696
5/8/2014,6.008173035
5/9/2014,6.039225516
5/10/2014,6.068274311
5/11/2014,6.138155359
5/12/2014,6.012827666
5/13/2014,6.003102948
5/14/2014,6.005294347
5/15/2014,6.004053062
5/16/2014,6.032824669
5/17/2014,6.057627891
5/18/2014,6.034177673
5/19/2014,6.015846321
5/20/2014,6.015150927
5/21/2014,6.015444646
5/22/2014,6.017648351
5/23/2014,6.045490993
5/24/2014,6.056534845
5/25/2014,6.02907999
5/26/2014,6.02883217
5/27/2014,6.002788793
5/28/2014,6.00176181
5/29/2014,6.029954713
5/30/2014,6.046569215
5/31/2014,6.05262139
6/1/2014,6.028906363
6/2/2014,6.015959908
6/3/2014,6.012246265
6/4/2014,6.02376323
6/5/2014,6.015568978
6/6/2014,6.028827227
6/7/2014,6.042914455
6/8/2014,6.028938566
6/9/2014,6.007846449
6/10/2014,6.005062955
6/11/2014,6.018550302
6/12/2014,6.017531689
6/13/2014,6.037255389
6/14/2014,6.048599466
6/15/2014,6.074919236
6/16/2014,6.019348302
6/17/2014,6.017445383
6/18/2014,6.023990086
6/19/2014,6.007387836
6/20/2014,6.033480389
6/21/2014,6.043106048
6/22/2014,6.039085577
6/23/2014,6.019909885
6/24/2014,6.012949711
6/25/2014,6.022568986
6/26/2014,6.035194079
6/27/2014,6.051319652
6/28/2014,6.041134005
6/29/2014,6.023198806
6/30/2014,6.038171907
7/1/2014,6.045241178
7/2/2014,6.037577095
7/3/2014,6.04736741
7/4/2014,6.097572762
7/5/2014,6.04222231
7/6/2014,6.038924351
7/7/2014,6.051858551
7/8/2014,6.006491368
7/9/2014,6.026056249
7/10/2014,6.033239291
7/11/2014,6.044050467
7/12/2014,6.046188506
7/13/2014,6.050448336
7/14/2014,6.034558347
7/15/2014,6.031018842
7/16/2014,6.055529421
7/17/2014,6.020722818
7/18/2014,6.035756278
7/19/2014,6.031124787
7/20/2014,6.019403831
7/21/2014,6.023048107
7/22/2014,6.048505913
7/23/2014,6.061320462
7/24/2014,6.032705331
7/25/2014,6.051955892
7/26/2014,6.030193002
7/27/2014,6.034228556
7/28/2014,6.028724075
7/29/2014,6.030182578
7/30/2014,6.017735305
7/31/2014,6.024576025
8/1/2014,6.033159752
8/2/2014,6.037999099
8/3/2014,6.03196405
8/4/2014,6.03293462
8/5/2014,6.025752019
8/6/2014,6.032584602
8/7/2014,6.036074216
8/8/2014,6.045816406
8/9/2014,6.041266645
8/10/2014,6.033196018
8/11/2014,5.988025413
8/12/2014,5.999457947
8/13/2014,6.01644485
8/14/2014,6.016625792
8/15/2014,6.045295385
8/16/2014,6.049278312
8/17/2014,6.028789887
8/18/2014,6.008213644
8/19/2014,6.00310066
8/20/2014,6.016968898
8/21/2014,6.036420639
8/22/2014,6.049936407
8/23/2014,6.051427534
8/24/2014,6.035839054
8/25/2014,6.036269329
8/26/2014,6.034916563
8/27/2014,6.028864347
8/28/2014,6.041603726
8/29/2014,6.076167043
8/30/2014,6.045004131
8/31/2014,6.04046395
9/1/2014,6.030442283
9/2/2014,6.02714373
9/3/2014,6.028763765
9/4/2014,6.037826231
9/5/2014,6.053454929
9/6/2014,6.046083573
9/7/2014,6.032247336
9/8/2014,6.022769964
9/9/2014,6.040618197
9/10/2014,6.037801206
9/11/2014,6.01145102
9/12/2014,6.059997322
9/13/2014,6.092913292
9/14/2014,6.041994057
9/15/2014,6.028666995
9/16/2014,6.032303856
9/17/2014,6.028511045
9/18/2014,6.034136811
9/19/2014,6.052041683
9/20/2014,6.061017843
9/21/2014,6.039410197
9/22/2014,6.035895479
9/23/2014,6.029509898
9/24/2014,6.037005574
9/25/2014,6.02339296
9/26/2014,6.057265608
9/27/2014,6.066591439
9/28/2014,6.042892893
9/29/2014,6.029785417
9/30/2014,6.023688481
10/1/2014,6.024736167
10/2/2014,6.031028684
10/3/2014,6.062023165
10/4/2014,6.068622438
10/5/2014,6.049919862
10/6/2014,6.035194061
10/7/2014,6.027720387
10/8/2014,6.027400786
10/9/2014,6.034224835
10/10/2014,6.056490562
10/11/2014,6.052858553
10/12/2014,6.02026894
10/13/2014,6.018253457
10/14/2014,6.021565479
10/15/2014,6.035708052
10/16/2014,6.032460009
10/17/2014,6.06040096
10/18/2014,6.064967445
10/19/2014,6.042628589
10/20/2014,6.03216926
10/21/2014,6.027528854
10/22/2014,6.023353192
10/23/2014,6.033616069
10/24/2014,6.066022207
10/25/2014,6.055675383
10/26/2014,6.031108528
10/27/2014,6.028907606
10/28/2014,6.032801491
10/29/2014,6.037645734
10/30/2014,6.043991718
10/31/2014,6.090728093
11/1/2014,6.061112563
11/2/2014,6.029035376
11/3/2014,6.039320495
11/4/2014,6.038772954
11/5/2014,6.039850625
11/6/2014,6.045499861
11/7/2014,6.068391598
11/8/2014,6.068805272
11/9/2014,6.063364099
11/10/2014,6.043169435
11/11/2014,6.100042485
11/12/2014,6.056862363
11/13/2014,6.05769378
11/14/2014,6.081944641
11/15/2014,6.076858359
11/16/2014,6.043382865
11/17/2014,6.049425619
11/18/2014,6.03710654
11/19/2014,6.040751183
11/20/2014,6.047853352
11/21/2014,6.067842122
11/22/2014,6.066383249
11/23/2014,6.05432949
11/24/2014,5.958247404
11/25/2014,5.978422092
11/26/2014,6.057968164
11/27/2014,6.171627749
11/28/2014,6.075942526
11/29/2014,6.053952075
11/30/2014,6.036320894
12/1/2014,6.044863218
12/2/2014,6.053217361
12/3/2014,6.029717999
12/4/2014,6.031628436
12/5/2014,6.066927751
12/6/2014,6.070968175
12/7/2014,6.038853948
12/8/2014,6.045319787
12/9/2014,6.04013066
12/10/2014,6.049818222
12/11/2014,6.058306301
12/12/2014,6.088926271
12/13/2014,6.101546138
12/14/2014,6.061428104
12/15/2014,6.047252831
12/16/2014,6.034374507
12/17/2014,6.044083281
12/18/2014,6.059750572
12/19/2014,6.083195389
12/20/2014,6.062621264
12/21/2014,6.067290192
12/22/2014,6.071748709
12/23/2014,6.106594906
12/24/2014,6.217706516
12/25/2014,6.32014485
12/26/2014,6.108018133
12/27/2014,6.063643235
12/28/2014,6.043121456
12/29/2014,6.040843814
12/30/2014,6.052320694
12/31/2014,6.16656819
1/1/2015,6.140114228
1/2/2015,6.059202473
1/3/2015,6.060978127
1/4/2015,6.027064824
1/5/2015,6.046823753
1/6/2015,6.040428977
1/7/2015,6.000767194
1/8/2015,6.019868745
1/9/2015,6.034922873
1/10/2015,6.048838574
1/11/2015,6.049418439
1/12/2015,6.062144164
1/13/2015,6.056498225
1/14/2015,6.047415644
1/15/2015,6.058455603
1/16/2015,6.080952776
1/17/2015,6.088361885
1/18/2015,6.063612815
1/19/2015,6.050652477
1/20/2015,6.048838147
1/21/2015,6.047008024
1/22/2015,6.044098252
1/23/2015,6.073025366
1/24/2015,6.080817874
1/25/2015,6.061983349
1/26/2015,6.047076721
1/27/2015,6.04318708
1/28/2015,6.03892648
1/29/2015,6.042257875
1/30/2015,6.069177307
1/31/2015,6.099756482
2/1/2015,6.08349425
2/2/2015,6.052208548
2/3/2015,6.043998591
2/4/2015,6.051245388
2/5/2015,6.058358076
2/6/2015,6.068739389
2/7/2015,6.07965208
2/8/2015,6.069644894
2/9/2015,6.05240735
2/10/2015,6.05196512
2/11/2015,6.033899082
2/12/2015,6.05717729
2/13/2015,6.111539534
2/14/2015,6.175758637
2/15/2015,6.065974318
2/16/2015,6.033826093
2/17/2015,6.04297468
2/18/2015,6.030915033
2/19/2015,6.039538436
2/20/2015,6.074776282
2/21/2015,6.065188599
2/22/2015,6.065022741
2/23/2015,6.049586201
2/24/2015,6.039258929
2/25/2015,6.063259889
2/26/2015,6.044882278
2/27/2015,6.066765726
2/28/2015,6.092435625
3/1/2015,6.081635184
3/2/2015,6.056198148
3/3/2015,6.051402618
3/4/2015,6.043438521
3/5/2015,6.046468881
3/6/2015,6.08034747
3/7/2015,6.087374032
3/8/2015,6.099114641
3/9/2015,6.050362458
3/10/2015,6.047148695
3/11/2015,6.036061556
3/12/2015,6.042248723
3/13/2015,6.069509991
3/14/2015,6.082020527
3/15/2015,6.076162188
3/16/2015,6.047778097
3/17/2015,6.060251902
3/18/2015,6.022731345
3/19/2015,6.033844239
3/20/2015,6.060978922
3/21/2015,6.071569777
3/22/2015,6.060691954
3/23/2015,6.044974695
3/24/2015,6.044652601
3/25/2015,5.986431061
3/26/2015,6.033583456
3/27/2015,6.079998295
3/28/2015,6.077164131
3/29/2015,6.076047233
3/30/2015,6.039671806
3/31/2015,6.038148142
4/1/2015,6.039201197
4/2/2015,6.06059285
4/3/2015,6.087863106
4/4/2015,6.062188615
4/5/2015,6.118725404
4/6/2015,6.062495145
4/7/2015,6.054014551
4/8/2015,6.049100521
4/9/2015,6.053966472
4/10/2015,6.07354911
4/11/2015,6.091085349
4/12/2015,6.068723884
4/13/2015,6.066066165
4/14/2015,6.059212571
4/15/2015,6.057504675
4/16/2015,6.061105518
4/17/2015,6.078829406
4/18/2015,6.09383152
4/19/2015,6.073544929
4/20/2015,6.057079279
4/21/2015,6.067481965
4/22/2015,6.061016436
4/23/2015,6.050517775
4/24/2015,6.074333194
4/25/2015,6.072026555
4/26/2015,6.052654486
4/27/2015,6.011188937
4/28/2015,6.006203647
4/29/2015,6.042073295
4/30/2015,6.052812862
5/1/2015,6.076887089
5/2/2015,6.067129814
5/3/2015,6.033782159
5/4/2015,6.055161638
5/5/2015,6.060483087
5/6/2015,6.031701607
5/7/2015,6.048087947
5/8/2015,6.061441191
5/9/2015,6.087632469
5/10/2015,6.149990368
5/11/2015,6.053840404
5/12/2015,6.040534319
5/13/2015,6.045157311
5/14/2015,6.054615961
5/15/2015,6.06961065
5/16/2015,6.089548875
5/17/2015,6.063535001
5/18/2015,6.055301339
5/19/2015,6.046643622
5/20/2015,6.057985574
5/21/2015,6.067239444
5/22/2015,6.084370366
5/23/2015,6.097610745
5/24/2015,6.095586863
5/25/2015,6.061024403
5/26/2015,6.045844023
5/27/2015,6.039754123
5/28/2015,6.06580309
5/29/2015,6.074687383
5/30/2015,6.088882456
5/31/2015,6.067285844
6/1/2015,6.064503803
6/2/2015,6.058302509
6/3/2015,6.059202483
6/4/2015,6.06122477
6/5/2015,6.080385957
6/6/2015,6.089894554
6/7/2015,6.052717624
6/8/2015,6.07232822
6/9/2015,6.052895339
6/10/2015,6.054269551
6/11/2015,6.051348809
6/12/2015,6.074308149
6/13/2015,6.07336511
6/14/2015,6.05976187
6/15/2015,6.050959626
6/16/2015,6.05159539
6/17/2015,6.072189141
6/18/2015,5.994622023
6/19/2015,6.055583814
6/20/2015,6.072924343
6/21/2015,6.138579802
6/22/2015,6.052488216
6/23/2015,6.045064769
6/24/2015,6.063014828
6/25/2015,6.062882545
6/26/2015,6.091302785
6/27/2015,6.074780598
6/28/2015,6.058386589
6/29/2015,6.061703751
6/30/2015,6.058216997
7/2/2015,6.063723945
7/3/2015,6.082588226
7/4/2015,6.132196391
7/5/2015,6.093236781
7/6/2015,6.05920519
7/7/2015,6.070325695
7/8/2015,6.054166068
7/9/2015,6.06361365
7/10/2015,6.076510268
7/11/2015,6.075379752
7/12/2015,6.052093786
7/13/2015,6.041120215
7/14/2015,6.048081996
7/15/2015,6.060698228
7/16/2015,6.065334288
7/17/2015,6.072135399
7/18/2015,6.093163008
7/19/2015,6.055084377
7/20/2015,6.045142865
7/21/2015,6.045449433
7/22/2015,6.048363267
7/23/2015,6.066120918
7/24/2015,6.058726756
7/25/2015,6.06178747
7/26/2015,6.057736862
7/27/2015,6.05497004
7/28/2015,6.045351169
7/29/2015,6.019433934
7/30/2015,6.043268828
7/31/2015,6.055756092
8/1/2015,6.086464592
8/2/2015,6.068313382
8/3/2015,6.051061979
8/4/2015,6.05045956
8/5/2015,6.050771125
8/6/2015,6.050741365
8/7/2015,6.073142582
8/8/2015,6.074777079
8/9/2015,6.064910198
8/10/2015,6.057995923
8/11/2015,6.044776378
8/12/2015,6.061691101
8/13/2015,6.060222086
8/14/2015,6.075630557
8/15/2015,6.083999725
8/16/2015,6.070306574
8/17/2015,6.068671
8/18/2015,6.075431482
8/19/2015,6.054790425
8/20/2015,6.063625528
8/21/2015,6.081431463
8/22/2015,6.085565423
8/23/2015,6.065289005
8/24/2015,6.069773714
8/25/2015,6.058762768
8/26/2015,6.039766562
8/27/2015,6.07449237
8/28/2015,6.100195185
8/29/2015,6.115153239
8/30/2015,6.065468994
8/31/2015,6.053671391
9/1/2015,6.047363037
9/2/2015,6.052897299
9/3/2015,6.047552574
9/4/2015,6.08916925
9/5/2015,6.085221161
9/6/2015,6.074543338
9/7/2015,6.055593825
9/8/2015,6.062382309
9/9/2015,6.064559702
9/10/2015,6.058713386
9/11/2015,6.056199433
9/12/2015,6.088886216
9/13/2015,6.076066489
9/14/2015,6.067303796
9/15/2015,6.064087099
9/16/2015,6.048958722
9/17/2015,6.073676284
9/18/2015,6.090657122
9/19/2015,6.07896986
9/20/2015,6.058299461
9/21/2015,6.061711836
9/22/2015,6.059142914
9/23/2015,6.057621502
9/24/2015,6.064684815
9/25/2015,6.114461449
9/26/2015,6.104620698
9/27/2015,6.062208674
9/28/2015,6.063140026
9/29/2015,6.061795287
9/30/2015,6.058340835
10/1/2015,6.038377003
10/2/2015,6.076345898
10/3/2015,6.069681907
10/4/2015,6.059884828
10/5/2015,6.050826466
10/6/2015,6.049034665
10/7/2015,6.052485139
10/8/2015,6.06118178
10/9/2015,6.088141552
10/10/2015,6.077024177
10/11/2015,6.065000521
10/12/2015,6.066792485
10/13/2015,6.045428426
10/14/2015,6.057564041
10/15/2015,6.073853265
10/16/2015,6.116048332
10/17/2015,6.097437986
10/18/2015,6.064668846
10/19/2015,6.052023739
10/20/2015,6.050834458
10/21/2015,6.064430041
10/22/2015,6.066041143
10/23/2015,6.105537431
10/24/2015,6.126771246
10/25/2015,6.058928655
10/26/2015,6.05175225
10/27/2015,6.061962097
10/28/2015,6.062388523
10/29/2015,6.069023482
10/30/2015,6.091329338
10/31/2015,6.098668578
11/1/2015,6.069307879
11/2/2015,6.059504387
11/3/2015,6.061980046
11/4/2015,6.057706507
11/5/2015,6.070050678
11/6/2015,6.089047513
11/7/2015,6.087629265
11/8/2015,6.064217988
11/9/2015,6.067283215
11/10/2015,6.070851613
11/11/2015,6.087604913
11/12/2015,6.082561696
11/13/2015,6.014662916
11/14/2015,5.981116009
11/15/2015,6.028622821
11/16/2015,6.026775072
11/17/2015,6.045270784
11/18/2015,6.049314198
11/19/2015,6.061483149
11/20/2015,6.096228066
11/21/2015,6.077826205
11/22/2015,6.062444984
11/23/2015,6.065204351
11/24/2015,6.05210814
11/25/2015,6.0705809
11/26/2015,6.191908987
11/27/2015,6.086451475
11/28/2015,6.058419867
11/29/2015,6.038058001
11/30/2015,6.050404902
12/1/2015,6.071970327
12/2/2015,6.021935773
12/3/2015,6.041604205
12/4/2015,6.055536177
12/5/2015,6.064770306
12/7/2015,6.050971171
12/8/2015,6.048035187
12/9/2015,6.054192395
12/10/2015,6.066620623
12/11/2015,6.087473314
12/12/2015,6.104801518
12/13/2015,6.073107183
12/14/2015,6.074892099
12/15/2015,6.047294002
12/16/2015,6.071958182
12/17/2015,6.06761052
12/19/2015,6.080432462
12/20/2015,6.060056844
12/21/2015,6.063450725
12/22/2015,6.07557882
12/23/2015,6.100956676
12/24/2015,6.247767976
12/25/2015,6.302449649
12/26/2015,6.120283588
12/27/2015,6.056841441
12/28/2015,6.043717329
12/29/2015,6.04213251
12/30/2015,6.050708182
12/31/2015,6.154989828
1/1/2016,6.157040833
1/2/2016,6.058694729
1/3/2016,6.025889201
1/4/2016,6.034029687
1/5/2016,6.02639735
1/6/2016,6.035076944
1/7/2016,6.043665889
1/8/2016,6.054625003
1/9/2016,6.055328613
1/10/2016,6.048187157
1/11/2016,6.045284715
1/12/2016,6.042742715
1/13/2016,6.04412533
1/14/2016,6.016494176
1/15/2016,6.062902382
1/16/2016,6.054125246
1/17/2016,6.038967048
1/19/2016,6.02708775
1/20/2016,6.03900425
1/21/2016,6.049359695
1/22/2016,6.056674484
1/23/2016,6.080276373
1/24/2016,6.052971019
1/25/2016,6.053796895
1/26/2016,6.03985965
1/27/2016,6.028474387
1/28/2016,6.053798329
1/29/2016,6.080454401
1/30/2016,6.084472058
1/31/2016,6.066882583
2/1/2016,6.070414667
2/2/2016,6.05994265
2/3/2016,6.066577769
2/4/2016,6.050338779
2/5/2016,6.075853716
2/6/2016,6.067391014
2/7/2016,6.099700918
2/8/2016,6.062935438
2/9/2016,6.060187413
2/10/2016,6.056371217
2/11/2016,6.060997799
2/12/2016,6.086737719
2/13/2016,6.094760259
2/14/2016,6.150765047
2/15/2016,6.074858678
2/16/2016,6.054255523
2/17/2016,6.048439527
2/18/2016,6.039583576
2/19/2016,6.035688708
2/20/2016,6.059562015
2/21/2016,6.021901283
2/22/2016,6.042819584
2/23/2016,6.032865539
2/24/2016,6.043261731
2/25/2016,6.049803976
2/26/2016,6.06868341
2/28/2016,6.052164684
2/29/2016,6.068193639
3/1/2016,6.063165742
3/2/2016,6.061987592
3/3/2016,6.052721776
3/4/2016,6.069103453
3/5/2016,6.074919464
3/6/2016,6.060534728
3/7/2016,6.049653268
3/8/2016,6.073957216
3/9/2016,6.037919075
3/10/2016,6.032476389
3/11/2016,6.037940736
3/13/2016,6.03390752
3/14/2016,6.040818173
3/15/2016,6.039223327
3/16/2016,6.041764854
3/17/2016,6.050634225
3/18/2016,6.051646539
3/19/2016,6.04464074
3/20/2016,6.045195274
3/21/2016,6.056993102
3/22/2016,5.97627581
3/23/2016,6.030864007
3/24/2016,6.040701788
3/25/2016,6.056525701
3/26/2016,6.058039525
3/27/2016,6.079281119
3/28/2016,6.025400558
3/29/2016,6.010570315
3/30/2016,6.023235557
3/31/2016,6.018709697
4/1/2016,6.035524995
4/2/2016,6.040761949
4/3/2016,6.039929601
4/4/2016,6.044253165
4/5/2016,6.034097954
4/6/2016,6.0357667
4/7/2016,6.038028342
4/8/2016,6.060915571
4/9/2016,6.05688972
4/10/2016,6.040247081
4/11/2016,6.032861515
4/12/2016,6.036753797
4/13/2016,6.03470345
4/14/2016,6.044088359
4/15/2016,6.072436904
4/16/2016,6.079982633
4/17/2016,6.054317438
4/18/2016,6.03444721
4/19/2016,6.031053411
4/20/2016,6.039947636
4/21/2016,6.021102181
4/22/2016,6.070571733
4/23/2016,6.068972769
4/24/2016,6.057250152
4/25/2016,6.034318745
4/26/2016,6.03188591
4/27/2016,6.040352711
4/28/2016,6.035697143
4/29/2016,6.04702659
4/30/2016,6.066203432
5/1/2016,6.054246223
5/2/2016,6.043321957
5/3/2016,6.032907402
5/4/2016,6.040554506
5/5/2016,6.043319541
5/6/2016,6.056119417
5/7/2016,6.064703784
5/8/2016,6.133150049
5/9/2016,6.036521738
5/10/2016,6.026649064
5/11/2016,6.02177165
5/12/2016,6.029677453
5/13/2016,6.059568921
5/14/2016,6.067355714
5/15/2016,6.041265281
5/16/2016,6.030783355
5/17/2016,6.026993593
5/18/2016,6.027342145
5/19/2016,6.035796604
5/20/2016,6.057852795
5/21/2016,6.063458199
5/22/2016,6.044265169
5/23/2016,6.037155439
5/24/2016,6.03580305
5/25/2016,6.036688258
5/26/2016,6.040564908
5/27/2016,6.055060605
5/28/2016,6.052442613
5/29/2016,6.038222382
5/30/2016,6.031151487
5/31/2016,6.018640411
6/1/2016,6.02639644
6/2/2016,6.039346614
6/3/2016,6.05145278
6/4/2016,6.049025416
6/5/2016,6.040775942
6/6/2016,6.033228135
6/7/2016,6.027329958
6/8/2016,6.042045696
6/9/2016,6.021631601
6/10/2016,6.036607561
6/11/2016,6.010245039
6/12/2016,5.825361691
6/13/2016,5.953122777
6/14/2016,5.986763971
6/15/2016,5.998610821
6/16/2016,5.994168237
6/17/2016,6.020524223
6/18/2016,6.042251748
6/19/2016,6.071389793
6/20/2016,6.027662667
6/21/2016,6.026586443
6/22/2016,6.027917187
6/23/2016,6.017223329
6/24/2016,6.001384237
6/25/2016,6.046301746
6/26/2016,6.02892235
6/27/2016,6.020370621
6/28/2016,6.001139634
6/29/2016,6.016750465
6/30/2016,6.024513855
7/1/2016,6.053557753
7/2/2016,6.030214939
7/3/2016,6.027040259
7/4/2016,6.036984661
7/5/2016,6.00529558
7/6/2016,5.939870496
7/7/2016,5.892638192
7/8/2016,5.859895176
7/9/2016,5.998165482
7/10/2016,5.999627499
7/11/2016,6.014368759
7/12/2016,6.014683233
7/13/2016,6.025186409
7/14/2016,6.002263158
7/15/2016,5.999147064
7/16/2016,6.038619067
7/17/2016,5.99153337
7/18/2016,5.987830064
7/19/2016,6.001728727
7/20/2016,6.001725157
7/21/2016,6.011304346
7/22/2016,6.03621331
7/23/2016,6.050975126
7/24/2016,6.029711975
7/25/2016,6.004974937
7/26/2016,6.011667852
7/27/2016,6.00125197
7/28/2016,6.012453796
7/29/2016,6.027174461
7/30/2016,6.049360002
7/31/2016,6.050217195
8/1/2016,6.057111444
8/2/2016,6.029014265
8/3/2016,6.030589632
8/4/2016,6.039718033
8/5/2016,6.049162168
8/6/2016,6.057920938
8/7/2016,6.047550345
8/8/2016,6.042662067
8/9/2016,6.037191422
8/10/2016,6.029507112
8/11/2016,6.042300208
8/12/2016,6.058335308
8/13/2016,6.065127605
8/14/2016,6.04925747
8/15/2016,6.043353862
8/16/2016,6.038267375
8/17/2016,6.046541832
8/18/2016,6.040429551
8/19/2016,6.063572194
8/20/2016,6.068001183
8/21/2016,6.046913257
8/22/2016,6.040157122
8/23/2016,6.037152682
8/24/2016,6.025695704
8/25/2016,6.040301632
8/26/2016,6.061441705
8/27/2016,6.047804741
8/28/2016,6.045655115
8/29/2016,6.051010013
8/30/2016,6.022085654
8/31/2016,6.031633175
9/1/2016,6.048206166
9/2/2016,6.053199455
9/3/2016,6.055200742
9/4/2016,6.062215563
9/5/2016,6.046773584
9/6/2016,6.039931244
9/7/2016,6.039917387
9/8/2016,6.043257445
9/9/2016,6.053238222
9/10/2016,6.044584431
9/11/2016,6.009429932
9/12/2016,6.028446267
9/13/2016,6.034678695
9/14/2016,6.025823026
9/15/2016,6.025669805
9/16/2016,6.048456218
9/17/2016,6.035788619
9/18/2016,5.993712845
9/19/2016,5.997363978
9/20/2016,5.980482681
9/21/2016,5.988097644
9/22/2016,6.007767688
9/23/2016,6.030595017
9/24/2016,6.02988189
9/25/2016,6.012703864
9/26/2016,5.96130538
9/27/2016,6.014002218
9/28/2016,6.020845873
9/29/2016,6.04880364
9/30/2016,6.048950846
10/1/2016,6.054501833
10/2/2016,6.017351952
10/3/2016,6.001827628
10/4/2016,5.986714198
10/5/2016,6.01539943
10/6/2016,6.016411091
10/7/2016,6.014502701
10/9/2016,5.929144677
10/10/2016,5.976759729
10/11/2016,6.001223695
10/12/2016,6.007235659
10/13/2016,6.004301859
10/14/2016,6.021557333
10/15/2016,6.023569673
10/16/2016,6.004344899
10/17/2016,6.003773714
10/18/2016,6.021563206
10/19/2016,5.978361651
10/20/2016,6.007796662
10/21/2016,6.049639954
10/22/2016,6.063569153
10/23/2016,6.025767479
10/24/2016,6.014185653
10/25/2016,6.025641557
10/26/2016,6.033405235
10/27/2016,6.028276266
10/28/2016,6.04947202
10/29/2016,6.035116536
10/30/2016,6.024257808
10/31/2016,6.037071467
11/1/2016,6.02931874
11/2/2016,6.010718553
11/3/2016,6.029286331
11/4/2016,6.029988421
11/5/2016,6.027165826
11/6/2016,6.014282508
11/7/2016,6.025706849
11/8/2016,5.978128129
11/9/2016,5.873736663
11/10/2016,5.989145591
11/11/2016,6.044173813
11/12/2016,6.036842274
11/13/2016,6.015701295
11/14/2016,6.043638964
11/15/2016,6.04225727
11/16/2016,6.052742132
11/17/2016,6.051719477
11/18/2016,6.062352815
11/19/2016,6.053568021
11/20/2016,6.049591299
11/21/2016,6.033270014
11/22/2016,6.037156678
11/23/2016,6.056259414
11/24/2016,6.163480244
11/25/2016,6.077333084
11/26/2016,6.01671517
11/27/2016,6.020305958
11/28/2016,6.014408477
11/29/2016,6.01105572
11/30/2016,6.040075473
12/1/2016,6.06170617
12/2/2016,6.083383784
12/3/2016,6.071327882
12/4/2016,6.048238149
12/5/2016,6.041842815
12/6/2016,6.051869013
12/7/2016,6.055947893
12/8/2016,6.049923289
12/9/2016,6.082077061
12/10/2016,6.079481482
12/11/2016,6.083190262
12/12/2016,6.059143683
12/13/2016,6.053917772
12/14/2016,6.054432551
12/15/2016,6.054336065
12/16/2016,6.071268868
12/17/2016,6.079214826
12/18/2016,6.071745849
12/19/2016,6.050400919
12/20/2016,6.064856877
12/21/2016,6.060566521
12/22/2016,6.075400393
12/23/2016,6.098237385
12/25/2016,6.289374253
12/26/2016,6.113067424
12/27/2016,6.041016708
12/28/2016,6.033749062
12/29/2016,6.035953163
12/30/2016,6.039211764
12/31/2016,6.133291057
1/1/2017,6.144241426
1/2/2017,6.053477326
1/3/2017,6.037690694
1/4/2017,6.02970367
1/5/2017,6.017544598
1/6/2017,6.018785246
1/7/2017,6.02712744
1/8/2017,6.032009993
1/9/2017,6.029472381
1/10/2017,6.008413347
1/11/2017,6.002711161
1/12/2017,6.025222441
1/13/2017,6.054240368
1/14/2017,6.041636712
1/15/2017,6.036052658
1/16/2017,6.043407713
1/17/2017,6.03864612
1/18/2017,6.034092735
1/19/2017,6.045722908
1/20/2017,6.04098501
1/21/2017,6.03601143
1/22/2017,6.00001755
1/23/2017,5.992795481
1/24/2017,5.994861562
1/25/2017,5.977761946
1/26/2017,5.991042466
1/27/2017,6.006390654
1/29/2017,5.924950285
1/30/2017,5.913960942
1/31/2017,5.960017616
2/1/2017,6.004107351
2/2/2017,5.9623621
2/3/2017,5.979509047
2/4/2017,5.980256735
2/5/2017,6.020080415
2/6/2017,5.99082791
2/7/2017,5.971587772
2/8/2017,5.966618322
2/9/2017,5.967727159
2/10/2017,5.999186461
2/11/2017,6.0213281
2/12/2017,6.022868782
2/13/2017,6.036941367
2/14/2017,6.107376968
2/15/2017,5.997769554
2/16/2017,5.980927958
2/17/2017,6.009285221
2/18/2017,6.014934017
2/19/2017,6.00003683
2/20/2017,6.013280146
2/21/2017,6.002124557
2/22/2017,6.026973641
2/23/2017,5.994696994
2/24/2017,6.002161098
2/25/2017,5.999445546
2/26/2017,6.017547427
2/27/2017,6.015756714
2/28/2017,5.985343537
3/1/2017,6.005099722
3/2/2017,6.008471572
3/3/2017,6.031582203
3/4/2017,5.993362198
3/5/2017,6.010545172
3/6/2017,5.997538286
3/7/2017,5.992632577
3/8/2017,6.065669525
3/9/2017,6.019159159
3/10/2017,6.02535553
3/11/2017,6.022374128
3/12/2017,6.023148483
3/13/2017,6.006741563
3/14/2017,5.992960992
3/15/2017,5.980379441
3/16/2017,5.991816069
3/17/2017,6.027307757
3/18/2017,6.013615302
3/19/2017,6.003597927
3/20/2017,6.009866657
3/21/2017,6.003299633
3/22/2017,5.951665178
3/23/2017,5.95242912
3/24/2017,5.97494381
3/25/2017,6.02715994
3/26/2017,6.011378624
3/27/2017,6.002247819
3/28/2017,5.991213042
3/29/2017,5.99500528
3/30/2017,6.004648623
3/31/2017,6.020688908
4/1/2017,6.01754436
4/2/2017,6.007416539
4/3/2017,6.001144479
4/4/2017,5.997160856
4/5/2017,5.976630541
4/6/2017,5.94408487
4/7/2017,5.958011117
4/8/2017,6.016741711
4/9/2017,6.002013873
4/10/2017,6.011865182
4/11/2017,5.980499779
4/12/2017,5.997383435
4/13/2017,5.987196561
4/14/2017,6.001305134
4/15/2017,6.006458329
4/16/2017,6.025515732
4/17/2017,5.994233255
4/18/2017,5.981297944
4/19/2017,5.971579284
4/20/2017,5.999644754
4/21/2017,6.020173165
4/22/2017,6.040845904
4/23/2017,6.020526555
4/24/2017,6.000543214
4/25/2017,5.996429121
4/26/2017,5.990003329
4/27/2017,6.000581196
4/28/2017,6.018766538
4/29/2017,6.029780098
4/30/2017,6.030829934
5/1/2017,6.10442744
5/2/2017,6.091643167
5/3/2017,6.06269918
5/4/2017,6.044278676
5/5/2017,6.04746882
5/6/2017,6.068858568
5/7/2017,6.064778837
5/8/2017,6.046846494
5/9/2017,6.004034853
5/10/2017,6.008263691
5/11/2017,6.010608983
5/12/2017,6.041519309
5/13/2017,6.083463555
5/14/2017,6.13330411
5/15/2017,6.046247993
5/16/2017,6.013009278
5/17/2017,6.003223331
5/18/2017,5.991485687
5/19/2017,6.055844594
5/20/2017,6.085107341
5/21/2017,6.109513474
5/22/2017,5.992047976
5/23/2017,5.885804097
5/24/2017,5.960733667
5/25/2017,5.977197114
5/26/2017,5.992293396
5/27/2017,5.986884643
5/28/2017,5.981968641
5/29/2017,5.985374914
5/30/2017,5.96793865
5/31/2017,5.954175237
6/1/2017,5.986515935
6/2/2017,5.99723004
6/3/2017,5.986724191
6/4/2017,5.893016107
6/5/2017,5.937025561
6/6/2017,5.97419359
6/7/2017,5.977363687
6/8/2017,5.967633372
6/9/2017,5.987649375
6/10/2017,6.003943611
6/11/2017,6.005222498
6/12/2017,5.991554374
6/13/2017,5.965444533
6/14/2017,5.919107888
6/15/2017,5.958403306
6/16/2017,5.975870737
6/17/2017,5.983903053
6/18/2017,6.050145776
6/19/2017,5.941957471
6/20/2017,5.964933042
6/21/2017,5.988502851
6/22/2017,5.965045302
6/23/2017,5.957291326
6/24/2017,5.974027809
6/25/2017,5.986703594
6/26/2017,5.985693623
6/27/2017,5.967847601
6/28/2017,5.964388148
6/29/2017,5.948941403
6/30/2017,5.972124332
7/1/2017,5.987978336
7/2/2017,5.957694014
7/3/2017,5.972919003
7/4/2017,6.043579039
7/5/2017,5.961957241
7/6/2017,5.976655836
7/7/2017,6.001226586
7/8/2017,6.001705069
7/9/2017,5.985798137
7/10/2017,5.978944355
7/11/2017,5.972793454
7/13/2017,5.986828222
7/14/2017,5.99794425
7/15/2017,5.997976558
7/16/2017,5.993154925
7/17/2017,5.987937041
7/18/2017,5.968807944
7/19/2017,5.970407502
7/20/2017,5.970780869
7/21/2017,5.998116732
7/22/2017,6.011280649
7/23/2017,6.027630356
7/24/2017,6.000244789
7/25/2017,5.961552232
7/26/2017,5.950458944
7/27/2017,5.967610581
7/28/2017,5.977160837
7/29/2017,5.995664937
7/30/2017,6.00165627
7/31/2017,6.005389117
8/1/2017,6.012307325
8/2/2017,6.006079162
8/4/2017,6.051049033
8/5/2017,6.035430142
8/6/2017,6.015578547
8/7/2017,6.015962228
8/8/2017,5.995588835
8/9/2017,5.990345977
8/10/2017,5.987161365
8/11/2017,5.981185213
8/12/2017,5.851742268
8/13/2017,5.875702665
8/14/2017,5.923808756
8/15/2017,5.908936207
8/16/2017,5.905738491
8/17/2017,5.907449044
8/18/2017,5.926353892
8/19/2017,5.949214603
8/20/2017,5.971551212
8/21/2017,5.980680669
8/22/2017,5.970305161
8/23/2017,5.967062445
8/24/2017,5.978469652
8/25/2017,5.950832305
8/26/2017,5.936813713
8/27/2017,5.932208671
8/28/2017,5.957053631
8/29/2017,5.955742012
8/30/2017,5.941186089
8/31/2017,5.966540863
9/1/2017,6.002415933
9/2/2017,5.991888992
9/3/2017,5.98813373
9/4/2017,5.994223138
9/5/2017,5.928493762
9/6/2017,5.921840046
9/7/2017,5.956969869
9/8/2017,5.969722617
9/9/2017,5.991686323
9/10/2017,5.968926097
9/11/2017,5.95610755
9/12/2017,5.976865053
9/13/2017,5.975268215
9/14/2017,5.973416194
9/15/2017,5.975173968
9/16/2017,5.998347455
9/17/2017,5.986838135
9/18/2017,5.98906665
9/19/2017,5.95509411
9/20/2017,5.979580994
9/21/2017,5.982900968
9/22/2017,5.997225224
9/23/2017,5.979629487
9/24/2017,5.953670203
9/25/2017,5.956656571
9/26/2017,5.968467519
9/27/2017,5.979411877
9/28/2017,5.974424943
9/30/2017,5.951983062
10/1/2017,5.94373157
10/2/2017,5.744207272
10/3/2017,5.860611695
10/4/2017,5.932035935
10/5/2017,5.952621834
10/6/2017,5.974558669
10/7/2017,5.967910726
10/8/2017,5.950839253
10/9/2017,5.949361404
10/10/2017,5.943683319
10/11/2017,5.962664227
10/12/2017,5.972497407
10/13/2017,5.995191475
10/14/2017,5.993127146
10/15/2017,5.968458195
10/16/2017,5.953136044
10/17/2017,5.982288745
10/18/2017,5.970043453
10/19/2017,6.002037388
10/20/2017,5.989835009
10/21/2017,5.989606345
10/22/2017,5.992060458
10/23/2017,5.995630243
10/24/2017,5.992821939
10/25/2017,5.991137573
10/26/2017,5.989991363
10/27/2017,5.998416305
10/28/2017,5.992097389
10/29/2017,5.985688427
10/30/2017,5.960988439
10/31/2017,5.968365784
11/1/2017,5.958688663
11/2/2017,5.969038403
11/3/2017,5.984221874
11/4/2017,6.002112832
11/5/2017,5.929509027
11/6/2017,5.917705907
11/7/2017,5.948866643
11/8/2017,6.000114959
11/9/2017,5.971111172
11/10/2017,5.968603628
11/11/2017,5.975816347
11/12/2017,5.990296689
11/13/2017,5.980167479
11/14/2017,5.985435771
11/15/2017,6.001167972
11/16/2017,5.967274397
11/17/2017,5.980614263
11/18/2017,6.006488065
11/19/2017,6.007053756
11/20/2017,6.00372664
11/21/2017,6.010402453
11/22/2017,6.014311853
11/23/2017,6.116286293
11/24/2017,6.046368961
11/25/2017,6.01244321
11/26/2017,6.002673696
11/27/2017,6.003909416
11/28/2017,5.999845196
11/29/2017,5.960563228
11/30/2017,5.951514582
12/1/2017,5.998484508
12/2/2017,5.976271683
12/3/2017,5.977757565
12/4/2017,5.973831395
12/5/2017,5.970779326
12/6/2017,5.975782946
12/7/2017,5.988263397
12/8/2017,5.997742936
12/9/2017,6.007305966
12/10/2017,6.008927624
12/11/2017,5.997796553
12/12/2017,5.980244659
12/13/2017,6.012243939
12/14/2017,5.996444068
12/15/2017,6.003707617
12/16/2017,6.000273355
12/17/2017,5.991790949
12/18/2017,5.969269521
12/19/2017,5.982513483
12/20/2017,5.988018076
12/21/2017,6.017234633
12/22/2017,6.047705825
12/23/2017,6.040240515
12/24/2017,6.143726007
12/25/2017,6.24573069
12/26/2017,6.087063527
12/27/2017,6.031850483
12/28/2017,6.011789546
12/29/2017,6.032277367
12/30/2017,6.014118546
12/31/2017,6.099971932
1/1/2018,6.076815062
1/2/2018,5.945886008
1/3/2018,5.963245103
1/4/2018,5.983992852
1/5/2018,6.002355087
1/6/2018,5.982097601
1/7/2018,5.999996326
1/8/2018,6.010361071
1/9/2018,6.005525429
1/10/2018,6.01715914
1/11/2018,6.026857479
1/12/2018,5.99292914
1/13/2018,6.006945811
1/14/2018,5.992084552
1/15/2018,6.01097637
1/16/2018,6.006163616
1/17/2018,6.016307545
1/18/2018,6.002695196
1/19/2018,6.002722934
1/20/2018,5.992205868
1/21/2018,5.996755999
1/22/2018,6.002700097
1/23/2018,5.989663497
1/24/2018,5.979599003
1/25/2018,6.029120253
1/26/2018,6.026568426
1/27/2018,6.016496092
1/28/2018,6.024150044
1/29/2018,5.99808503
1/30/2018,5.984446024
1/31/2018,5.998757982
2/1/2018,6.006018434
2/2/2018,5.980764436
2/3/2018,6.013927484
2/4/2018,6.043799789
2/5/2018,6.026543114
2/6/2018,6.012579487
2/7/2018,6.017127947
2/8/2018,6.016337664
2/9/2018,6.018974669
2/10/2018,5.998325691
2/11/2018,6.004983437
2/12/2018,6.021929253
2/13/2018,6.038167757
2/14/2018,6.034997791
2/15/2018,5.850912864
2/16/2018,5.89294214
2/17/2018,5.966444662
2/18/2018,5.96037003
2/19/2018,5.97148525
2/20/2018,5.964502591
2/21/2018,5.959343108
2/22/2018,5.934140659
2/23/2018,5.95268531
2/24/2018,5.971685148
2/25/2018,5.986522419
2/26/2018,5.979323963
2/27/2018,5.979682145
2/28/2018,5.986320192
3/1/2018,6.029324707
3/2/2018,6.014319715
3/3/2018,6.021636669
3/4/2018,6.035624966
3/5/2018,6.029786946
3/6/2018,6.020607471
3/7/2018,6.00782056
3/8/2018,6.074463137
3/9/2018,6.031719403
3/10/2018,6.021221374
3/11/2018,6.035570617
3/12/2018,6.003438459
3/13/2018,5.972123452
3/14/2018,5.96587345
3/15/2018,5.968393607
3/16/2018,5.98260514
3/17/2018,5.979666914
3/18/2018,5.987397597
3/19/2018,5.984946514
3/20/2018,5.969027673
3/21/2018,5.966948607
3/22/2018,5.975355728
3/23/2018,5.982847647
3/24/2018,5.970227853
3/25/2018,5.982386295
3/26/2018,5.988491835
3/27/2018,5.988074607
3/28/2018,5.989554168
3/29/2018,5.993504797
3/30/2018,5.999030412
3/31/2018,5.989268442
4/1/2018,6.023313031
4/2/2018,5.983368394
4/3/2018,5.986252194
4/4/2018,6.004235722
4/5/2018,5.994972095
4/6/2018,6.000388186
4/7/2018,6.019678668
4/8/2018,6.002156064
4/9/2018,5.989363258
4/10/2018,5.98249854
4/11/2018,5.973222029
4/12/2018,5.969171621
4/13/2018,5.940134723
4/14/2018,5.948440086
4/15/2018,5.985566968
4/16/2018,5.996226488
4/17/2018,6.005866467
4/18/2018,5.998740045
4/19/2018,6.004917238
4/20/2018,6.014235394
4/21/2018,6.013587206
4/22/2018,6.003436821
4/23/2018,5.987166318
4/24/2018,6.003146747
4/25/2018,6.00093799
4/26/2018,5.988743173
4/27/2018,5.994581957
4/28/2018,6.001667021
4/29/2018,5.997964157
4/30/2018,6.000016433
5/1/2018,5.997038241
5/2/2018,5.975537031
5/3/2018,5.985559213
5/4/2018,6.007212792
5/5/2018,6.038270848
5/6/2018,6.021572361
5/7/2018,5.99139921
5/8/2018,5.986996278
5/9/2018,5.98718125
5/10/2018,5.99757657
5/11/2018,5.999144681
5/12/2018,6.019745321
5/13/2018,6.061586189
5/14/2018,5.998278903
5/15/2018,6.00482478
5/16/2018,5.981832749
5/17/2018,5.972682764
5/18/2018,5.957472095
5/19/2018,6.01395629
5/20/2018,6.022271943
5/21/2018,6.005898564
5/22/2018,5.986294201
5/23/2018,5.981490699
5/24/2018,5.985429103
5/25/2018,5.986771126
5/26/2018,5.968498535
5/27/2018,5.976435301
5/28/2018,6.001544704
5/29/2018,5.970432438
5/30/2018,5.967685167
5/31/2018,5.976170592
6/1/2018,6.004798007
6/2/2018,6.003487484
6/3/2018,5.986107605
6/4/2018,5.978691797
6/5/2018,5.980071846
6/6/2018,5.989167258
6/7/2018,5.996944891
6/8/2018,5.984978239
6/9/2018,6.00429634
6/10/2018,5.997580227
6/11/2018,5.990280683
6/12/2018,6.013635783
6/13/2018,6.002208403
6/14/2018,5.989013795
6/15/2018,5.985838212
6/16/2018,5.995620721
6/17/2018,6.008310234
6/18/2018,5.918520099
6/19/2018,5.92190283
6/20/2018,5.927319358
6/21/2018,5.965485379
6/22/2018,5.978081653
6/23/2018,5.984822791
6/24/2018,5.988600509
6/25/2018,5.954883785
6/26/2018,5.949137649
6/27/2018,5.971216117
6/28/2018,5.939376356
6/29/2018,5.964917964
6/30/2018,5.981381941
7/1/2018,5.99953271
7/2/2018,5.995043413
7/3/2018,5.976376636
7/4/2018,6.036335445
7/5/2018,6.009445032
7/6/2018,5.978605953
7/7/2018,5.988824467
7/8/2018,5.988127693
7/9/2018,5.980288416
7/10/2018,5.986114064
7/11/2018,5.990136758
7/12/2018,5.975806749
7/13/2018,5.990549309
7/14/2018,5.995184883
7/15/2018,6.00763976
7/16/2018,5.979023237
7/17/2018,5.97571047
7/18/2018,5.988406561
7/19/2018,5.988370047
7/20/2018,5.993750342
7/21/2018,6.005514855
7/22/2018,5.997553877
7/23/2018,5.952493371
7/24/2018,5.984492578
7/25/2018,5.964826992
7/26/2018,5.980446662
7/27/2018,5.994963186
7/28/2018,5.993603202
7/29/2018,5.990513583
7/30/2018,5.996062044
7/31/2018,6.000812127
8/1/2018,5.989815387
8/2/2018,5.983324443
8/3/2018,5.991083929
8/4/2018,5.991883276
8/5/2018,5.967774556
8/6/2018,5.968045687
8/7/2018,5.969425804
8/8/2018,5.995625843
8/9/2018,5.999764255
8/10/2018,5.985931257
8/11/2018,5.976967051
8/12/2018,5.980894333
8/13/2018,5.964640313
8/14/2018,5.952768945
8/15/2018,5.975717748
8/16/2018,5.985052136
8/17/2018,5.991083382
8/18/2018,5.982878288
8/19/2018,5.9903261
8/20/2018,5.989971209
8/21/2018,5.95105712
8/22/2018,5.928076641
8/23/2018,5.946198681
8/24/2018,5.994765888
8/25/2018,6.003603769
8/26/2018,5.977541648
8/27/2018,5.976039543
8/28/2018,5.971699765
8/29/2018,5.963472391
8/30/2018,5.977569751
8/31/2018,6.024181459
9/1/2018,6.020713194
9/2/2018,6.009633525
9/3/2018,6.001543843
9/4/2018,5.969616425
9/5/2018,5.967464773
9/6/2018,5.965006954
9/7/2018,5.948621183
9/8/2018,5.929030724
9/9/2018,5.941417937
9/10/2018,5.96270475
9/11/2018,5.965467233
9/12/2018,5.988535499
9/13/2018,5.939944133
9/14/2018,5.96561192
9/15/2018,5.98297352
9/16/2018,5.950722387
9/17/2018,5.963401872
9/18/2018,5.963876391
9/19/2018,5.970739416
9/20/2018,5.972114748
9/21/2018,5.970238658
9/22/2018,5.973005791
9/23/2018,5.966806399
9/24/2018,5.97929904
9/25/2018,5.991968747
9/26/2018,5.971286114
9/27/2018,5.914467471
9/28/2018,5.931765468
9/29/2018,5.975162657
9/30/2018,5.976500516
10/1/2018,5.982909582
10/2/2018,5.955941127
10/3/2018,5.943987539
10/4/2018,5.964762955
10/5/2018,5.962028597
10/6/2018,5.968952545
10/7/2018,5.944908497
10/8/2018,5.978841871
10/9/2018,5.986923641
10/10/2018,5.972284857
10/11/2018,5.971023384
10/12/2018,6.012044907
10/13/2018,6.002186338
10/14/2018,5.993407354
10/15/2018,5.979496406
10/16/2018,5.969051174
10/17/2018,5.966748036
10/18/2018,5.962667582
10/19/2018,5.959229295
10/20/2018,5.967636822
10/21/2018,5.965661114
10/22/2018,5.985412108
10/23/2018,5.984216444
10/24/2018,5.935829556
10/25/2018,5.942764061
10/26/2018,5.940345754
10/27/2018,5.903937971
10/28/2018,5.919891563
10/29/2018,5.922444226
10/30/2018,5.956001377
10/31/2018,5.999130825
11/1/2018,6.000523087
11/2/2018,5.987506077
11/3/2018,5.989696984
11/4/2018,5.992766842
11/5/2018,5.988601662
11/6/2018,6.020996796
11/7/2018,5.973174262
11/8/2018,5.919512755
11/9/2018,5.937039625
11/10/2018,5.932117667
11/11/2018,5.970732382
11/12/2018,5.982348819
11/13/2018,5.965775449
11/14/2018,5.972987264
11/15/2018,5.949104805
11/16/2018,5.972996664
11/17/2018,5.965785289
11/18/2018,5.971168537
11/19/2018,5.960088569
11/20/2018,5.963055675
11/21/2018,5.995556281
11/22/2018,6.07947952
11/23/2018,6.036557361
11/24/2018,5.991756334
11/25/2018,5.96152189
11/26/2018,5.971485523
11/27/2018,5.98131354
11/28/2018,6.008485601
11/29/2018,5.985298921
11/30/2018,6.011415714
12/1/2018,6.050759874
12/2/2018,6.015628986
12/3/2018,6.032225706
12/4/2018,6.005901681
12/5/2018,6.000326084
12/6/2018,6.001463679
12/7/2018,6.015767391
12/8/2018,6.002672168
12/9/2018,5.989264725
12/10/2018,5.996192657
12/11/2018,6.001593408
12/12/2018,6.000996415
12/13/2018,5.978280548
12/14/2018,6.019305762
12/15/2018,5.991366153
12/16/2018,5.98501713
12/17/2018,5.993576419
12/18/2018,5.993314752
12/19/2018,5.995268244
12/20/2018,5.99745773
12/21/2018,6.005304643
12/22/2018,6.009503172
12/23/2018,6.024866396
12/24/2018,6.147968847
12/25/2018,6.222209318
12/26/2018,6.053517694
12/27/2018,5.996872246
12/28/2018,6.005500895
12/29/2018,6.017725932
12/30/2018,6.015886645
12/31/2018,6.105182865
1/1/2019,6.0922187
1/2/2019,6.004634946
1/3/2019,5.999172467
1/4/2019,5.979604806
1/5/2019,5.980474135
1/6/2019,5.98821135
1/7/2019,5.968291485
1/8/2019,5.942884559
1/9/2019,5.96376417
1/10/2019,5.961174624
1/11/2019,5.97628636
1/12/2019,5.968981723
1/13/2019,5.985026962
1/14/2019,5.973013314
1/15/2019,5.994935602
1/16/2019,5.951864156
1/17/2019,5.959505918
1/18/2019,5.961698301
1/19/2019,5.968734618
1/20/2019,5.966125419
1/21/2019,5.962873683
1/22/2019,5.944080587
1/23/2019,5.951213908
1/24/2019,5.95201775
1/25/2019,5.936943021
1/26/2019,5.955174522
1/27/2019,5.95156823
1/28/2019,5.971312375
1/29/2019,5.944455039
1/30/2019,5.957528071
1/31/2019,5.968937026
2/1/2019,5.991187502
2/2/2019,5.975441674
2/3/2019,5.974661901
2/4/2019,5.971914205
2/5/2019,5.964354537
2/6/2019,5.965440559
2/7/2019,5.971840452
2/8/2019,5.985867822
2/9/2019,5.988401628
2/10/2019,6.033204061
2/11/2019,6.017086483
2/12/2019,5.977098033
2/13/2019,5.981207643
2/14/2019,6.000087222
2/15/2019,5.929424653
2/16/2019,5.932321962
2/17/2019,5.95518999
2/18/2019,5.948109882
2/19/2019,5.958524038
2/20/2019,5.958441454
2/21/2019,5.942401286
2/22/2019,5.945674259
2/23/2019,5.941280135
2/24/2019,5.976119521
2/25/2019,5.973027537
2/26/2019,5.949169955
2/27/2019,5.897215052
2/28/2019,5.944121705
3/1/2019,5.957919483
3/2/2019,5.974115034
3/3/2019,5.969435132
3/4/2019,5.962203359
3/5/2019,5.947847327
3/6/2019,5.950023187
3/7/2019,5.966092127
3/8/2019,6.034040226
3/9/2019,5.976771459
3/10/2019,5.962642784
3/11/2019,5.955633362
3/12/2019,5.948135359
3/13/2019,5.911314872
3/14/2019,5.926682917
3/15/2019,5.832014649
3/16/2019,5.919473193
3/17/2019,5.94162015
3/18/2019,5.936875257
3/19/2019,5.961211592
3/20/2019,5.955156841
3/21/2019,5.95478116
3/22/2019,5.949841618
3/23/2019,5.941251846
3/24/2019,5.931676646
3/25/2019,5.938898642
3/26/2019,5.933107834
3/27/2019,5.967530623
3/28/2019,5.972261455
3/29/2019,5.981792093
3/30/2019,5.97858456
3/31/2019,5.966119954
4/1/2019,5.948556095
4/2/2019,5.941668413
4/3/2019,5.956378579
4/4/2019,5.981510629
4/5/2019,5.987390042
4/6/2019,5.972905988
4/7/2019,5.998831888
4/8/2019,5.984192786
4/9/2019,5.963873481
4/10/2019,5.965874633
4/11/2019,5.961447875
4/12/2019,5.993488025
4/13/2019,5.957092392
4/14/2019,5.992111046
4/15/2019,5.934429273
4/16/2019,5.956991735
4/17/2019,5.977843305
4/18/2019,5.955183242
4/19/2019,5.971749101
4/20/2019,5.976083621
4/21/2019,5.959418169
4/22/2019,5.980242027
4/23/2019,5.972172688
4/24/2019,5.989059232
4/25/2019,5.985283697
4/26/2019,5.994237275
4/27/2019,5.996843298
4/28/2019,5.974797437
4/29/2019,5.958809329
4/30/2019,5.969987193
5/1/2019,6.001755745
5/2/2019,5.980592521
5/3/2019,5.991977697
5/4/2019,5.975766374
5/5/2019,5.968072643
5/6/2019,5.966491982
5/7/2019,5.970250419
5/8/2019,5.960051939
5/9/2019,5.94888551
5/10/2019,5.968735789
5/11/2019,5.970323764
5/12/2019,6.04108674
5/13/2019,5.967265514
5/14/2019,5.940006738
5/15/2019,5.902471168
5/16/2019,5.907066754
5/17/2019,5.930493308
5/18/2019,5.972646714
5/19/2019,5.960011434
5/20/2019,5.959473304
5/21/2019,5.969508847
5/22/2019,5.968305689
5/23/2019,5.973025084
5/24/2019,5.978714005
5/25/2019,5.980185603
5/26/2019,5.984982047
5/27/2019,5.98850253
5/28/2019,5.975314776
5/29/2019,5.95530219
5/30/2019,5.975369828
5/31/2019,5.992315233
6/1/2019,6.012542162
6/2/2019,5.99069607
6/3/2019,5.991038592
6/4/2019,6.004897343
6/5/2019,5.983778032
6/6/2019,5.965761557
6/7/2019,5.981676927
6/8/2019,5.990464439
6/9/2019,5.975866941
6/10/2019,5.968883307
6/11/2019,5.959346459
6/12/2019,5.958698376
6/13/2019,5.960905907
6/14/2019,5.994556295
6/15/2019,5.985207058
6/16/2019,6.014782104
6/17/2019,5.977915453
6/18/2019,5.955567825
6/19/2019,5.956967645
6/20/2019,5.966532391
6/21/2019,5.987273808
6/22/2019,5.981621795
6/23/2019,5.967638527
6/24/2019,5.974057492
6/25/2019,5.954727617
6/26/2019,5.947612506
6/27/2019,5.963262842
6/28/2019,5.994845936
6/29/2019,5.972887847
6/30/2019,5.951310418
7/1/2019,5.95783989
7/2/2019,5.95948439
7/3/2019,5.957832627
7/4/2019,6.0123731
7/5/2019,5.986080774
7/6/2019,5.968654185
7/7/2019,5.990501861
7/8/2019,5.977700749
7/9/2019,5.974782481
7/10/2019,5.974426329
7/11/2019,5.975901897
7/12/2019,5.984362198
7/13/2019,5.970401774
7/14/2019,5.955655135
7/15/2019,5.923821677
7/16/2019,5.920764457
7/17/2019,5.934493662
7/18/2019,5.942179609
7/19/2019,5.971444423
7/20/2019,5.974029444
7/21/2019,5.973254176
7/22/2019,5.963603586
7/23/2019,5.96911252
7/24/2019,5.950006433
7/25/2019,5.945470686
7/26/2019,5.966314411
7/27/2019,5.939414646
7/28/2019,5.93167159
7/29/2019,5.919832751
7/30/2019,5.944473719
7/31/2019,5.943579875
8/1/2019,5.97754113
8/2/2019,5.959460171
8/3/2019,5.897800533
8/4/2019,5.757762639
8/5/2019,5.831435058
8/6/2019,5.89737693
8/7/2019,5.907206103
8/8/2019,5.933403726
8/9/2019,5.960334287
8/10/2019,5.891039694
8/11/2019,5.928109224
8/12/2019,5.958952314
8/13/2019,5.955335972
8/14/2019,5.946347572
8/15/2019,5.945295738
8/16/2019,5.971560367
8/17/2019,5.955824406
8/18/2019,5.937557263
8/19/2019,5.961247443
8/20/2019,5.952717088
8/21/2019,5.930679569
8/22/2019,5.963569678
8/23/2019,5.982535913
8/24/2019,5.977464003
8/25/2019,5.983778771
8/26/2019,5.99257587
8/27/2019,5.977617529
8/28/2019,5.959798219
8/29/2019,5.959041596
8/30/2019,5.969332694
8/31/2019,5.994707273
9/1/2019,5.982826884
9/2/2019,5.959696011
9/3/2019,5.923195221
9/4/2019,5.921210211
9/5/2019,5.956645468
9/6/2019,5.969389175
9/7/2019,5.969968678
9/8/2019,5.967333193
9/9/2019,5.958195578
9/10/2019,5.966145109
9/11/2019,5.952897105
9/12/2019,5.95210332
9/13/2019,5.95937672
9/14/2019,5.971246598
9/15/2019,5.945176425
9/16/2019,5.957344978
9/17/2019,5.968125581
9/18/2019,5.955131688
9/19/2019,5.949022097
9/20/2019,5.971988488
9/21/2019,5.989058231
9/22/2019,5.978325027
9/23/2019,5.985629071
9/24/2019,5.943241624
9/25/2019,5.928815158
9/26/2019,5.926836397
9/27/2019,5.978308384
9/28/2019,5.97232278
9/29/2019,5.955670107
9/30/2019,5.935558633
10/1/2019,5.951898968
10/2/2019,5.929176227
10/3/2019,5.951190235
10/4/2019,5.969128715
10/5/2019,5.961907193
10/6/2019,5.947797631
10/7/2019,5.932925736
10/8/2019,5.938373188
10/9/2019,5.93182844
10/10/2019,5.938073837
10/11/2019,5.968932455
10/12/2019,5.999855277
10/13/2019,5.946879613
10/14/2019,5.909028462
10/15/2019,5.934829711
10/16/2019,5.944275186
10/17/2019,5.956498629
10/18/2019,5.958339728
10/19/2019,5.954689241
10/20/2019,5.964337689
10/21/2019,5.956342387
10/22/2019,5.956772662
10/23/2019,5.950140337
10/24/2019,5.982353006
10/25/2019,5.986153524
10/26/2019,5.989895544
10/27/2019,5.954238096
10/28/2019,5.9502644
10/29/2019,5.949499195
10/30/2019,5.968440825
10/31/2019,5.976682927
11/1/2019,5.991067634
11/2/2019,5.993524252
11/3/2019,5.960078043
11/4/2019,5.958737983
11/5/2019,5.948268383
11/6/2019,5.96009989
11/7/2019,5.957376539
11/8/2019,5.981558641
11/9/2019,5.97615127
11/10/2019,5.968832055
11/11/2019,5.970438353
11/12/2019,5.96458843
11/13/2019,5.940467073
11/14/2019,5.960145257
11/15/2019,5.938150375
11/16/2019,5.960724593
11/17/2019,5.946386327
11/18/2019,5.936478497
11/19/2019,5.948382285
11/20/2019,5.970360595
11/21/2019,5.964661036
11/22/2019,5.964072587
11/23/2019,5.969342071
11/24/2019,5.964634647
11/25/2019,5.984620692
11/26/2019,6.002995183
11/27/2019,5.985141837
11/28/2019,6.063900736
11/29/2019,6.011544019
11/30/2019,6.01520072
12/1/2019,5.981324998
12/2/2019,5.983096467
12/3/2019,5.993909494
12/4/2019,6.013484994
12/5/2019,5.954603864
12/6/2019,5.948837037
12/7/2019,5.974000015
12/8/2019,5.956771543
12/9/2019,5.92395446
12/10/2019,5.945211437
12/11/2019,5.951533793
12/12/2019,5.955575902
12/13/2019,5.968395839
12/14/2019,5.982958069
12/15/2019,5.954208542
12/16/2019,5.943931581
12/17/2019,5.956635555
12/18/2019,5.92419586
12/19/2019,5.925182104
12/20/2019,5.979821376
12/21/2019,5.976408158
12/22/2019,5.961219146
12/23/2019,5.991657229
12/24/2019,6.100809115
12/25/2019,6.1807747
12/26/2019,6.041416211
12/27/2019,5.995402252
12/28/2019,5.966508326
12/29/2019,5.969302536
12/30/2019,5.966712902
12/31/2019,6.058909305
1/1/2020,6.069753372
1/2/2020,5.940248027
1/3/2020,5.781340631
1/4/2020,5.888518221
1/5/2020,5.889098475
1/6/2020,5.909271467
1/7/2020,5.8807875
1/8/2020,5.890499943
1/9/2020,5.925559559
1/10/2020,5.937653654
1/11/2020,5.942378666
1/12/2020,5.94162367
1/13/2020,5.973635866
1/14/2020,5.957342798
1/15/2020,5.961634752
1/16/2020,5.959816759
1/17/2020,5.978760139
1/18/2020,5.974358696
1/19/2020,5.97193626
1/20/2020,5.944854612
1/21/2020,5.915415025
1/22/2020,5.9228337
1/23/2020,5.933232164
1/24/2020,5.943012553
1/25/2020,5.940401303
1/26/2020,5.908585937
1/27/2020,5.94562373
1/28/2020,5.942123128
1/29/2020,5.940589782
1/30/2020,5.928624849
1/31/2020,5.921762207
2/1/2020,5.960699445
2/2/2020,5.990055635
2/3/2020,5.97465577
2/4/2020,5.957830149
2/5/2020,5.934160648
2/6/2020,5.944213679
2/7/2020,5.951258573
2/8/2020,5.956510672
2/9/2020,5.968290459
2/10/2020,6.000421939
2/11/2020,5.965227956
